metric_code,record_scope,kind,slot,logical_type,width_bytes,applicability,state_semantics,storage_action,occurrence_formula,aggregate_rule,failure_semantics,status
common.header.cell_index,outer_header,common,prefix,U32,4,every_emitted_outer_identity;no_reliability_outer_record_when_I_R3=0,not_state_masked;field_specific_enum_or_integer_contract,persist,sum_rel_cells(M_c)+sum_mv_cells(M_c);0<=M_c<=R_unique_integrity_valid_committed_outer_identities,identity_or_provenance;not_a_scientific_estimate,immutable_catalogue_reference,freeze_candidate
common.header.outer_index,outer_header,common,prefix,U32,4,every_emitted_outer_identity;no_reliability_outer_record_when_I_R3=0,not_state_masked;field_specific_enum_or_integer_contract,persist,sum_rel_cells(M_c)+sum_mv_cells(M_c);0<=M_c<=R_unique_integrity_valid_committed_outer_identities,identity_or_provenance;not_a_scientific_estimate,zero_based_outer_identity,freeze_candidate
common.header.scientific_status,outer_header,common,prefix,ENUM16,2,every_emitted_outer_identity;no_reliability_outer_record_when_I_R3=0,not_state_masked;field_specific_enum_or_integer_contract,persist,sum_rel_cells(M_c)+sum_mv_cells(M_c);0<=M_c<=R_unique_integrity_valid_committed_outer_identities,identity_or_provenance;not_a_scientific_estimate,deterministic_status_precedence,freeze_candidate
common.header.primary_failure,outer_header,common,prefix,ENUM16,2,every_emitted_outer_identity;no_reliability_outer_record_when_I_R3=0,not_state_masked;field_specific_enum_or_integer_contract,persist,sum_rel_cells(M_c)+sum_mv_cells(M_c);0<=M_c<=R_unique_integrity_valid_committed_outer_identities,identity_or_provenance;not_a_scientific_estimate,first_scientific_failure_only,freeze_candidate
common.header.failure_component_mask,outer_header,common,prefix,U64,8,every_emitted_outer_identity;no_reliability_outer_record_when_I_R3=0,not_state_masked;field_specific_enum_or_integer_contract,persist,sum_rel_cells(M_c)+sum_mv_cells(M_c);0<=M_c<=R_unique_integrity_valid_committed_outer_identities,identity_or_provenance;not_a_scientific_estimate,all_reached_component_failures,freeze_candidate
common.header.event_mask,outer_header,common,prefix,U64,8,every_emitted_outer_identity;no_reliability_outer_record_when_I_R3=0,not_state_masked;field_specific_enum_or_integer_contract,persist,sum_rel_cells(M_c)+sum_mv_cells(M_c);0<=M_c<=R_unique_integrity_valid_committed_outer_identities,identity_or_provenance;not_a_scientific_estimate,gate_and_operating_events_only,freeze_candidate
common.header.undefined_bootstrap_count,outer_header,common,prefix,U16,2,every_emitted_outer_identity;no_reliability_outer_record_when_I_R3=0,not_state_masked;field_specific_enum_or_integer_contract,persist,sum_rel_cells(M_c)+sum_mv_cells(M_c);0<=M_c<=R_unique_integrity_valid_committed_outer_identities,identity_or_provenance;not_a_scientific_estimate,0_to_9999;all_resamples_consumed,freeze_candidate
common.header.registry_version,outer_header,common,prefix,U16,2,every_emitted_outer_identity;no_reliability_outer_record_when_I_R3=0,not_state_masked;field_specific_enum_or_integer_contract,persist,sum_rel_cells(M_c)+sum_mv_cells(M_c);0<=M_c<=R_unique_integrity_valid_committed_outer_identities,identity_or_provenance;not_a_scientific_estimate,immutable_registry_version,freeze_candidate
common.header.execution_provenance_key,outer_header,common,prefix,U64,8,every_emitted_outer_identity;no_reliability_outer_record_when_I_R3=0,not_state_masked;field_specific_enum_or_integer_contract,persist,sum_rel_cells(M_c)+sum_mv_cells(M_c);0<=M_c<=R_unique_integrity_valid_committed_outer_identities,identity_or_provenance;not_a_scientific_estimate,deterministic_join_key=(cell_index<<32)|outer_index;mutable_attempt_retry_and_infrastructure_provenance_lives_only_in_execution_attempt_sidecar,freeze_candidate
common.header.payload_digest,outer_header,common,prefix,BYTES32,32,every_emitted_outer_identity;no_reliability_outer_record_when_I_R3=0,not_state_masked;field_specific_enum_or_integer_contract,persist,sum_rel_cells(M_c)+sum_mv_cells(M_c);0<=M_c<=R_unique_integrity_valid_committed_outer_identities,identity_or_provenance;not_a_scientific_estimate,sha256_of_exact_336_or_600_byte_uncompressed_record_with_this_digest_slot_canonical_zero,freeze_candidate
common.file.byte_order,file_header,common,header,ENUM8,1,every_output_file;file_partition_count_owner_blocked,field_specific;missing_header_is_schema_failure,persist,N_output_files_unresolved,file_identity_and_completeness,little_endian_candidate,owner_blocked
common.file.schema_version,file_header,common,header,U16,2,every_output_file;file_partition_count_owner_blocked,field_specific;missing_header_is_schema_failure,persist,N_output_files_unresolved,file_identity_and_completeness,immutable_schema_version,owner_blocked
common.file.registry_digest,file_header,common,header,BYTES32,32,every_output_file;file_partition_count_owner_blocked,field_specific;missing_header_is_schema_failure,persist,N_output_files_unresolved,file_identity_and_completeness,complete_metric_registry_sha256,owner_blocked
common.file.content_digest,file_header,common,header,BYTES32,32,every_output_file;file_partition_count_owner_blocked,field_specific;missing_header_is_schema_failure,persist,N_output_files_unresolved,file_identity_and_completeness,sha256_of_exact_file_bytes_with_this_digest_slot_canonical_zero,owner_blocked
common.file.record_count,file_header,common,header,U64,8,every_output_file;file_partition_count_owner_blocked,field_specific;missing_header_is_schema_failure,persist,N_output_files_unresolved,file_identity_and_completeness,exact_records_in_file,owner_blocked
common.file.byte_count,file_header,common,header,U64,8,every_output_file;file_partition_count_owner_blocked,field_specific;missing_header_is_schema_failure,persist,N_output_files_unresolved,file_identity_and_completeness,exact_uncompressed_file_bytes,owner_blocked
common.conformance.cp95_worst_case_half_width,global_algorithm_conformance,common,conformance_extension,F64,9_including_8_payload+1_element_state_mask;record_framing_unresolved,one_global_R=120000_two_sided_95pct_exact_binomial_reference_scan,2bit:VALUE|INAPPLICABLE|SCIENTIFIC_UNDEFINED|NOT_REACHED;non-VALUE payload=canonical_zero;NaN_prohibited_as_state;VALUE_only_if_all_120001_two_sided_95pct_CP_intervals_are_finite_and_reference_conformant;SCIENTIFIC_UNDEFINED_if_the_complete_scan_is_reached_but_any_interval_or_half_width_is_invalid;NOT_REACHED_until_reference_algorithm_lock_and_complete_scan,persist,one_global_conformance_record,maximum_over_success_counts_x=0..120000_of_(upper_x-lower_x)/2,false_or_invalid_conformance_is_a_conclusive_common_numerical_failure;missing_record_makes_both_family_decisions_INCOMPLETE,owner_blocked
common.conformance.cp95_worst_case_argmax_successes,global_algorithm_conformance,common,conformance_extension,U32,5_including_4_payload+1_element_state_mask;record_framing_unresolved,one_global_R=120000_two_sided_95pct_exact_binomial_reference_scan,2bit:VALUE|INAPPLICABLE|SCIENTIFIC_UNDEFINED|NOT_REACHED;non-VALUE payload=canonical_zero;NaN_prohibited_as_state;VALUE_iff_the_worst_case_half_width_is_VALUE;SCIENTIFIC_UNDEFINED_with_an_invalid_completed_scan;NOT_REACHED_before_complete_scan,persist,one_global_conformance_record,smallest_x_attaining_the_maximum_half_width,false_or_invalid_conformance_is_a_conclusive_common_numerical_failure;missing_record_makes_both_family_decisions_INCOMPLETE,owner_blocked
common.conformance.cp95_half_width_pass,global_algorithm_conformance,common,conformance_extension,BOOL,2_including_1_payload+1_element_state_mask;record_framing_unresolved,one_global_R=120000_two_sided_95pct_exact_binomial_reference_scan,2bit:VALUE|INAPPLICABLE|SCIENTIFIC_UNDEFINED|NOT_REACHED;non-VALUE payload=canonical_zero;NaN_prohibited_as_state;VALUE_true_or_false_after_complete_scan;false_if_any_numerical_nonconformance_or_if_finite_maximum>=0.003;NOT_REACHED_before_complete_scan,persist,one_global_conformance_record,true_iff_worst_case_half_width_strictly_less_than_0.003,false_or_invalid_conformance_is_a_conclusive_common_numerical_failure;missing_record_makes_both_family_decisions_INCOMPLETE,owner_blocked
common.cell.catalogue_index,cell_catalogue,common,dictionary,U32,variable_or_parent_schema,every_candidate_cell,field_specific;no_scientific_undefined_encoding,persist,N_cells,zero_based_lexicographic_rank_of_canonical_identifier_in_combined_reliability_plus_mv1_manifest_anchored_by_combined_manifest_sha256,cell_static_failure_if_missing_or_mismatched,freeze_candidate
common.cell.kind,cell_catalogue,common,dictionary,ENUM8,variable_or_parent_schema,every_candidate_cell,field_specific;no_scientific_undefined_encoding,persist,N_cells,reliability_or_mv1_enum_crosschecked_against_canonical_identifier,cell_static_failure_if_missing_or_mismatched,freeze_candidate
common.cell.canonical_identity,cell_catalogue,common,dictionary,UTF8,variable_or_parent_schema,every_candidate_cell,field_specific;no_scientific_undefined_encoding,persist,N_cells,identity_only,cell_static_failure_if_missing_or_mismatched,freeze_candidate
common.cell.canonical_identity_length,cell_catalogue,common,dictionary,U32,variable_or_parent_schema,every_candidate_cell,field_specific;no_scientific_undefined_encoding,persist,N_cells,identity_only,cell_static_failure_if_missing_or_mismatched,freeze_candidate
common.cell.canonical_identity_digest,cell_catalogue,common,dictionary,BYTES32,variable_or_parent_schema,every_candidate_cell,field_specific;no_scientific_undefined_encoding,persist,N_cells,identity_only,cell_static_failure_if_missing_or_mismatched,freeze_candidate
common.cell.family_mask,cell_catalogue,common,dictionary,U8,variable_or_parent_schema,every_candidate_cell,field_specific;no_scientific_undefined_encoding,persist,N_cells,identity_only,cell_static_failure_if_missing_or_mismatched,freeze_candidate
common.cell.lock_index,cell_static_lock,common,dictionary,U32,variable_or_parent_schema,every_candidate_cell,field_specific;no_scientific_undefined_encoding,persist,N_cells,identity_only,cell_static_failure_if_missing_or_mismatched,freeze_candidate
common.cell.lock_status,cell_static_lock,common,dictionary,ENUM16,variable_or_parent_schema,every_candidate_cell,field_specific;no_scientific_undefined_encoding,persist,N_cells,identity_only,cell_static_failure_if_missing_or_mismatched,freeze_candidate
common.cell.lock_failure,cell_static_lock,common,dictionary,ENUM16,variable_or_parent_schema,every_candidate_cell,field_specific;no_scientific_undefined_encoding,persist,N_cells,identity_only,cell_static_failure_if_missing_or_mismatched,freeze_candidate
common.cell.outer_replications,cell_static_lock,common,dictionary,U32,variable_or_parent_schema,every_candidate_cell,field_specific;no_scientific_undefined_encoding,persist,N_cells,identity_only,cell_static_failure_if_missing_or_mismatched,freeze_candidate
common.cell.bootstrap_resamples,cell_static_lock,common,dictionary,U32,variable_or_parent_schema,every_candidate_cell,field_specific;no_scientific_undefined_encoding,persist,N_cells,identity_only,cell_static_failure_if_missing_or_mismatched,freeze_candidate
common.cell.software_lock_digest,cell_static_lock,common,dictionary,BYTES32,variable_or_parent_schema,every_candidate_cell,field_specific;no_scientific_undefined_encoding,persist,N_cells,identity_only,cell_static_failure_if_missing_or_mismatched,freeze_candidate
common.cell.algorithm_lock_digest,cell_static_lock,common,dictionary,BYTES32,variable_or_parent_schema,every_candidate_cell,field_specific;no_scientific_undefined_encoding,persist,N_cells,identity_only,cell_static_failure_if_missing_or_mismatched,freeze_candidate
common.cell.permutation_payload_digest,cell_static_lock,common,dictionary,BYTES32,variable_or_parent_schema,every_candidate_cell,field_specific;no_scientific_undefined_encoding,persist,N_cells,identity_only,cell_static_failure_if_missing_or_mismatched,freeze_candidate
common.dictionary.identifier_header,identifier_dictionary,common,schema,U16_dictionary+U32_count+U32_bytes,10_plus_entries,as_named_by_record_scope,structure_specific;never_NaN_sentinel,persist,N_identifier_dictionaries_unresolved,identity_completion_restart_failure_or_registry_audit,missing_or_malformed_record_is_schema_failure,owner_blocked
common.dictionary.identifier_entry,identifier_dictionary,common,schema,U16_length+UTF8,2_plus_UTF8_length,as_named_by_record_scope,structure_specific;never_NaN_sentinel,persist,sum_dictionary_entries_unresolved,identity_completion_restart_failure_or_registry_audit,missing_or_malformed_record_is_schema_failure,owner_blocked
common.dictionary.permutation_header,permutation_dictionary,common,schema,U32_cell+U16_tag_length+U32_list_length+U16_dictionary,12_plus_tag_and_indices,as_named_by_record_scope,structure_specific;never_NaN_sentinel,persist,N_permutations_unresolved,identity_completion_restart_failure_or_registry_audit,missing_or_malformed_record_is_schema_failure,owner_blocked
common.dictionary.permutation_payload,permutation_dictionary,common,schema,UTF8_tag+U16[],tag_bytes_plus_2_times_list_length,as_named_by_record_scope,structure_specific;never_NaN_sentinel,persist,permutation_payload_bytes_unresolved,identity_completion_restart_failure_or_registry_audit,missing_or_malformed_record_is_schema_failure,owner_blocked
common.completion.bitmap,completion_bitmap,common,schema,BITSET120000,15000,as_named_by_record_scope,structure_specific;never_NaN_sentinel,persist,N_rel_cells+N_mv_candidate_cells,identity_completion_restart_failure_or_registry_audit,missing_or_malformed_record_is_schema_failure,freeze_candidate
common.journal.chunk,chunk_journal,common,schema,FIXED52,52,as_named_by_record_scope,structure_specific;never_NaN_sentinel,persist,between_N_executable_cells_and_N_executable_cells*R_before_retries,identity_completion_restart_failure_or_registry_audit,missing_or_malformed_record_is_schema_failure,owner_blocked
common.failure.detail,failure_detail,common,schema,FIXED28+UTF8,28_plus_UTF8_length,as_named_by_record_scope,structure_specific;never_NaN_sentinel,persist,unresolved_until_failure_and_retry_policy,identity_completion_restart_failure_or_registry_audit,missing_or_malformed_record_is_schema_failure,owner_blocked
common.execution.attempt,execution_attempt_sidecar,common,schema,"FIXED32{U64_first_join_key,U32_identity_count,ENUM16_work_unit_kind,U16_attempt_ordinal,ENUM16_outcome,U16_registry_version,U32_failure_detail_ref,U32_chunk_journal_ref,U32_reserved_zero}",32,as_named_by_record_scope,structure_specific;never_NaN_sentinel,persist,one_record_per_scheduled_atomic_work_unit_attempt_including_initial_success_failure_or_retry;occurrence_unresolved,"separate_content_digested_logical_stream;global_catalogue_index_is_lexicographic_rank_in_combined_manifest;outer_join_key=(global_cell_index<<32)|outer_index;reserved_low32_codes_0x80000000=static_cell,0x80000001=mv_calibration_present,0x80000002=mv_calibration_absent,0x80000003=cell_aggregate;global_cell_index_0xffffffff_with_low32_0=REL_family,1=MV_family,2=CP95_conformance;work_unit_kind_ENUM16:1=REL_STATIC,2=REL_OUTER_RANGE,3=MV_STATIC,4=MV_CAL_PRESENT,5=MV_CAL_ABSENT,6=MV_OUTER_RANGE,7=CELL_AGGREGATE,8=REL_FAMILY,9=MV_FAMILY,10=CP95_CONFORMANCE;outcome_ENUM16:1=COMMITTED,2=INTERRUPTED_RETRYABLE,3=INFRASTRUCTURE_FAILED_FINAL,4=INTEGRITY_REJECTED,5=DUPLICATE_IDENTICAL_DISCARDED;scientific_failure_can_be_COMMITTED;outer_range_join_requires_same_global_cell_index_and_first_join_key<=outer_join_key<first_join_key+identity_count;identity_count_positive_and_range_cannot_cross_R=120000_or_reserved_low32_codes;overlapping_committed_ranges_are_schema_failure;static_calibration_cell_aggregate_and_family_work_units_require_identity_count=1;attempt_ordinal_is_contiguous_zero_based_U16_per_atomic_work_identity_and_overflow_is_schema_failure;failure_detail_ref_or_chunk_journal_ref_zero_means_absent_and_positive_refs_are_partition_local;reference_above_U32_requires_new_reviewed_partition_or_schema",missing_or_malformed_record_is_schema_failure,owner_blocked
common.aggregate.record,cell_aggregate,common,schema,"FIXED16{U32_cell_index,U16_registry_version,ENUM16_status,U32_aggregate_field_count,U32_payload_byte_count}+2bit_field_state_mask+typed_registry_payload",16_plus_typed_registry_payload,as_named_by_record_scope,structure_specific;never_NaN_sentinel,persist,N_cells,identity_completion_restart_failure_or_registry_audit,missing_or_malformed_record_is_schema_failure,owner_blocked
common.family.record,family_aggregate,common,schema,typed_registry_payload,typed_family_extension_unresolved,as_named_by_record_scope,structure_specific;never_NaN_sentinel,persist,2,identity_completion_restart_failure_or_registry_audit,missing_or_malformed_record_is_schema_failure,owner_blocked
common.state_mask.reliability,outer_state_mask,common,schema,2BIT[32],8,as_named_by_record_scope,structure_specific;never_NaN_sentinel,persist,sum_rel_cells(M_c),identity_completion_restart_failure_or_registry_audit,missing_or_malformed_record_is_schema_failure,freeze_candidate
common.state_mask.mv1,outer_state_mask,common,schema,2BIT[64],16,as_named_by_record_scope,structure_specific;never_NaN_sentinel,persist,sum_mv_cells(M_c),identity_completion_restart_failure_or_registry_audit,missing_or_malformed_record_is_schema_failure,freeze_candidate
rel.event_mask.dictionary,registry_dictionary,reliability,schema,BIT_DICTIONARY,registry_extension_unresolved,as_named_by_record_scope,structure_specific;never_NaN_sentinel,persist,1,"bits0:alpha_point,1:alpha_lower,2:macro,3-6:class_c0-c3,7:allocation,8:missing_overall,9:reader_span,10:arm_span,11:complete_gate,12:coverage,13:outer_nonestimable,14:any_undefined_bootstrap",missing_or_malformed_record_is_schema_failure,freeze_candidate
mv.event_mask.dictionary,registry_dictionary,mv1,schema,BIT_DICTIONARY,registry_extension_unresolved,as_named_by_record_scope,structure_specific;never_NaN_sentinel,persist,1,"bits0:yield_present,1:yield_absent,2:q_bal,3:q_present,4:q_absent,5:simultaneous_coverage,6:FE_pass,7:LOO_pass,8:no_veto,9:complete_joint,10-12:marginal_coverage_bal-present-absent,13:joint_yield,14:complete_q,15:outer_nonestimable,16:any_undefined_bootstrap",missing_or_malformed_record_is_schema_failure,freeze_candidate
common.failure_component.dictionary,registry_dictionary,common,schema,BIT_DICTIONARY,registry_extension_unresolved,as_named_by_record_scope,structure_specific;never_NaN_sentinel,persist,1,identity_completion_restart_failure_or_registry_audit,missing_or_malformed_record_is_schema_failure,owner_blocked
common.scientific_status.dictionary,registry_dictionary,common,schema,ENUM_DICTIONARY,registry_extension_unresolved,as_named_by_record_scope,structure_specific;never_NaN_sentinel,persist,1,identity_completion_restart_failure_or_registry_audit,missing_or_malformed_record_is_schema_failure,owner_blocked
rel.cell.axis,cell_static_extension,reliability,extension,ENUM16,3_including_2_payload+1_element_state_mask;record_framing_unresolved,every_reliability_cell,2bit:VALUE|INAPPLICABLE|SCIENTIFIC_UNDEFINED|NOT_REACHED;non-VALUE_payload=canonical_zero;NaN_prohibited_as_state;VALUE_after_manifest_identity_verification;never_scientifically_undefined,persist,finite_but_unresolved_static_extension,cell_lock_or_family_classification,axis_dictionary,freeze_candidate
rel.cell.category_count,cell_static_extension,reliability,extension,U8,2_including_1_payload+1_element_state_mask;record_framing_unresolved,every_reliability_cell,2bit:VALUE|INAPPLICABLE|SCIENTIFIC_UNDEFINED|NOT_REACHED;non-VALUE_payload=canonical_zero;NaN_prohibited_as_state;VALUE_after_manifest_identity_verification;never_scientifically_undefined,persist,finite_but_unresolved_static_extension,cell_lock_or_family_classification,K_g,freeze_candidate
rel.cell.included_item_count,cell_static_extension,reliability,extension,U16,3_including_2_payload+1_element_state_mask;record_framing_unresolved,every_reliability_cell,2bit:VALUE|INAPPLICABLE|SCIENTIFIC_UNDEFINED|NOT_REACHED;non-VALUE_payload=canonical_zero;NaN_prohibited_as_state;VALUE_after_manifest_identity_verification;never_scientifically_undefined,persist,finite_but_unresolved_static_extension,cell_lock_or_family_classification,N_g,freeze_candidate
rel.cell.panel_size,cell_static_extension,reliability,extension,U8,2_including_1_payload+1_element_state_mask;record_framing_unresolved,every_reliability_cell,2bit:VALUE|INAPPLICABLE|SCIENTIFIC_UNDEFINED|NOT_REACHED;non-VALUE_payload=canonical_zero;NaN_prohibited_as_state;VALUE_after_manifest_identity_verification;never_scientifically_undefined,persist,finite_but_unresolved_static_extension,cell_lock_or_family_classification,P_g,freeze_candidate
rel.cell.roster_size,cell_static_extension,reliability,extension,U8,2_including_1_payload+1_element_state_mask;record_framing_unresolved,every_reliability_cell,2bit:VALUE|INAPPLICABLE|SCIENTIFIC_UNDEFINED|NOT_REACHED;non-VALUE_payload=canonical_zero;NaN_prohibited_as_state;VALUE_after_manifest_identity_verification;never_scientifically_undefined,persist,finite_but_unresolved_static_extension,cell_lock_or_family_classification,roster_g,freeze_candidate
rel.cell.repeat_domain_count,cell_static_extension,reliability,extension,U16,3_including_2_payload+1_element_state_mask;record_framing_unresolved,owner_blocked,2bit:VALUE|INAPPLICABLE|SCIENTIFIC_UNDEFINED|NOT_REACHED;non-VALUE_payload=canonical_zero;NaN_prohibited_as_state;VALUE_only_after_owner_frozen_domain_or_payload;NOT_REACHED_while_owner_blocked;zero_is_not_a_substitute,persist,finite_but_unresolved_static_extension,cell_lock_or_family_classification,D_g,owner_blocked
rel.cell.ambiguity_domain_count,cell_static_extension,reliability,extension,U16,3_including_2_payload+1_element_state_mask;record_framing_unresolved,owner_blocked,2bit:VALUE|INAPPLICABLE|SCIENTIFIC_UNDEFINED|NOT_REACHED;non-VALUE_payload=canonical_zero;NaN_prohibited_as_state;VALUE_only_after_owner_frozen_domain_or_payload;NOT_REACHED_while_owner_blocked;zero_is_not_a_substitute,persist,finite_but_unresolved_static_extension,cell_lock_or_family_classification,H_g,owner_blocked
rel.cell.assignment_digest,cell_static_extension,reliability,extension,BYTES32,33_including_32_payload+1_element_state_mask;record_framing_unresolved,owner_blocked,2bit:VALUE|INAPPLICABLE|SCIENTIFIC_UNDEFINED|NOT_REACHED;non-VALUE_payload=canonical_zero;NaN_prohibited_as_state;VALUE_only_after_owner_frozen_domain_or_payload;NOT_REACHED_while_owner_blocked;zero_is_not_a_substitute,persist,finite_but_unresolved_static_extension,cell_lock_or_family_classification,abstract_item_and_assignment_payload,owner_blocked
rel.cell.missing_intercept,cell_static_extension,reliability,extension,F64,9_including_8_payload+1_element_state_mask;record_framing_unresolved,nonzero_reader_or_class_missingness;missingness_bisection_rule_owner_blocked,2bit:VALUE|INAPPLICABLE|SCIENTIFIC_UNDEFINED|NOT_REACHED;non-VALUE_payload=canonical_zero;NaN_prohibited_as_state;INAPPLICABLE_for_m=0_or_MCAR;NOT_REACHED_until_signed_residual_bracket_predicate_midpoint_equality_update_and_post_100_cached_candidate_selection_rules_are_owner_frozen_or_if_static_stage_not_entered;VALUE_if_required_bracket_passes_and_selected_candidate_is_finite_even_when_residual_tolerance_fails;SCIENTIFIC_UNDEFINED_if_selection_is_attempted_without_a_finite_candidate,persist,finite_but_unresolved_static_extension,cell_lock_or_family_classification,solved_intercept,owner_blocked
rel.cell.missing_endpoint_lower,cell_static_extension,reliability,extension,F64,9_including_8_payload+1_element_state_mask;record_framing_unresolved,nonzero_reader_or_class_missingness,2bit:VALUE|INAPPLICABLE|SCIENTIFIC_UNDEFINED|NOT_REACHED;non-VALUE_payload=canonical_zero;NaN_prohibited_as_state;INAPPLICABLE_for_m=0_or_MCAR;VALUE_for_required_reader_or_class_solve_frozen_finite_endpoint;NOT_REACHED_if_static_stage_not_entered,persist,finite_but_unresolved_static_extension,cell_lock_or_family_classification,frozen_bracket_lower_minus_30,freeze_candidate
rel.cell.missing_endpoint_upper,cell_static_extension,reliability,extension,F64,9_including_8_payload+1_element_state_mask;record_framing_unresolved,nonzero_reader_or_class_missingness,2bit:VALUE|INAPPLICABLE|SCIENTIFIC_UNDEFINED|NOT_REACHED;non-VALUE_payload=canonical_zero;NaN_prohibited_as_state;INAPPLICABLE_for_m=0_or_MCAR;VALUE_for_required_reader_or_class_solve_frozen_finite_endpoint;NOT_REACHED_if_static_stage_not_entered,persist,finite_but_unresolved_static_extension,cell_lock_or_family_classification,frozen_bracket_upper_plus_30,freeze_candidate
rel.cell.missing_endpoint_lower_residual,cell_static_extension,reliability,extension,F64,9_including_8_payload+1_element_state_mask;record_framing_unresolved,nonzero_reader_or_class_missingness;signed_residual_rule_owner_blocked,2bit:VALUE|INAPPLICABLE|SCIENTIFIC_UNDEFINED|NOT_REACHED;non-VALUE_payload=canonical_zero;NaN_prohibited_as_state;INAPPLICABLE_for_m=0_or_MCAR;NOT_REACHED_until_signed_residual_direction_is_owner_frozen_or_if_static_stage_not_entered;VALUE_if_required_endpoint_residual_is_finite;SCIENTIFIC_UNDEFINED_if_reached_endpoint_evaluation_is_nonfinite,persist,finite_but_unresolved_static_extension,cell_lock_or_family_classification,signed_residual_at_bracket_lower,owner_blocked
rel.cell.missing_endpoint_upper_residual,cell_static_extension,reliability,extension,F64,9_including_8_payload+1_element_state_mask;record_framing_unresolved,nonzero_reader_or_class_missingness;signed_residual_rule_owner_blocked,2bit:VALUE|INAPPLICABLE|SCIENTIFIC_UNDEFINED|NOT_REACHED;non-VALUE_payload=canonical_zero;NaN_prohibited_as_state;INAPPLICABLE_for_m=0_or_MCAR;NOT_REACHED_until_signed_residual_direction_is_owner_frozen_or_if_static_stage_not_entered;VALUE_if_required_endpoint_residual_is_finite;SCIENTIFIC_UNDEFINED_if_reached_endpoint_evaluation_is_nonfinite,persist,finite_but_unresolved_static_extension,cell_lock_or_family_classification,signed_residual_at_bracket_upper,owner_blocked
rel.cell.missing_residual,cell_static_extension,reliability,extension,F64,9_including_8_payload+1_element_state_mask;record_framing_unresolved,nonzero_reader_or_class_missingness;missingness_bisection_rule_owner_blocked,2bit:VALUE|INAPPLICABLE|SCIENTIFIC_UNDEFINED|NOT_REACHED;non-VALUE_payload=canonical_zero;NaN_prohibited_as_state;INAPPLICABLE_for_m=0_or_MCAR;NOT_REACHED_until_signed_residual_bracket_predicate_midpoint_equality_update_and_post_100_cached_candidate_selection_rules_are_owner_frozen_or_if_bracket_fails;VALUE_if_selected_cached_candidate_residual_is_finite_even_when_above_1e-10;SCIENTIFIC_UNDEFINED_if_selection_is_attempted_with_nonfinite_residual,persist,finite_but_unresolved_static_extension,cell_lock_or_family_classification,selected_final_signed_residual,owner_blocked
rel.cell.missing_iteration_count,cell_static_extension,reliability,extension,U16,3_including_2_payload+1_element_state_mask;record_framing_unresolved,nonzero_reader_or_class_missingness;missingness_bracket_and_update_rules_owner_blocked,2bit:VALUE|INAPPLICABLE|SCIENTIFIC_UNDEFINED|NOT_REACHED;non-VALUE_payload=canonical_zero;NaN_prohibited_as_state;INAPPLICABLE_for_m=0_or_MCAR;NOT_REACHED_until_bracket_predicate_and_midpoint_equality_update_rules_are_owner_frozen_or_if_static_stage_not_entered;VALUE_zero_if_required_bracket_fails_or_100_if_bisection_runs,persist,finite_but_unresolved_static_extension,cell_lock_or_family_classification,realized_midpoint_iterations_zero_or_100,owner_blocked
rel.cell.missing_bracket_state,cell_static_extension,reliability,extension,ENUM8,2_including_1_payload+1_element_state_mask;record_framing_unresolved,every_reliability_cell;required_solve_bracket_predicate_owner_blocked,2bit:VALUE|INAPPLICABLE|SCIENTIFIC_UNDEFINED|NOT_REACHED;non-VALUE_payload=canonical_zero;NaN_prohibited_as_state;VALUE_ENUM_not_required_for_m=0_or_MCAR;NOT_REACHED_for_required_reader_or_class_solve_until_signed_residual_direction_inclusive_endpoint_zero_predicate_and_nonfinite_semantics_are_owner_frozen_or_if_static_stage_not_entered;VALUE_ENUM_pass_or_fail_after_frozen_required_bracket_check;never_INAPPLICABLE_after_static_audit,persist,finite_but_unresolved_static_extension,cell_lock_or_family_classification,not_required|pass|fail,owner_blocked
rel.cell.truth_alpha_41,cell_static_extension,reliability,extension,F64,9_including_8_payload+1_element_state_mask;record_framing_unresolved,every_reliability_cell_reaching_truth,2bit:VALUE|INAPPLICABLE|SCIENTIFIC_UNDEFINED|NOT_REACHED;non-VALUE_payload=canonical_zero;NaN_prohibited_as_state;one_independent_2bit_state_per_named_scalar_or_fixed_class_element;class_c>=K_g_is_INAPPLICABLE;applicable_element_NOT_REACHED_if_missingness_stage_fails;when_truth_stage_is_reached_both_orders_are_attempted_and_each_applicable_element_is_VALUE_if_finite_else_SCIENTIFIC_UNDEFINED;one_order_or_element_failure_does_not_erase_the_other,persist,finite_but_unresolved_static_extension,cell_lock_or_family_classification,quadrature_order_41,freeze_candidate
rel.cell.truth_alpha_61,cell_static_extension,reliability,extension,F64,9_including_8_payload+1_element_state_mask;record_framing_unresolved,same_as_truth_alpha_41,2bit:VALUE|INAPPLICABLE|SCIENTIFIC_UNDEFINED|NOT_REACHED;non-VALUE_payload=canonical_zero;NaN_prohibited_as_state;one_independent_2bit_state_per_named_scalar_or_fixed_class_element;class_c>=K_g_is_INAPPLICABLE;applicable_element_NOT_REACHED_if_missingness_stage_fails;when_truth_stage_is_reached_both_orders_are_attempted_and_each_applicable_element_is_VALUE_if_finite_else_SCIENTIFIC_UNDEFINED;one_order_or_element_failure_does_not_erase_the_other,persist,finite_but_unresolved_static_extension,cell_lock_or_family_classification,quadrature_order_61,freeze_candidate
rel.cell.truth_alpha_delta,cell_static_extension,reliability,extension,F64,9_including_8_payload+1_element_state_mask;record_framing_unresolved,same_as_truth_alpha_41,2bit:VALUE|INAPPLICABLE|SCIENTIFIC_UNDEFINED|NOT_REACHED;non-VALUE_payload=canonical_zero;NaN_prohibited_as_state;one_independent_2bit_state_per_named_scalar_or_fixed_class_element;class_c>=K_g_is_INAPPLICABLE;VALUE_iff_corresponding_41_and_61_elements_are_VALUE;SCIENTIFIC_UNDEFINED_if_either_reached_order_element_is_undefined;NOT_REACHED_if_truth_stage_not_entered,persist,finite_but_unresolved_static_extension,cell_lock_or_family_classification,absolute_order_difference,freeze_candidate
rel.cell.truth_alpha_final,cell_static_extension,reliability,extension,F64,9_including_8_payload+1_element_state_mask;record_framing_unresolved,truth_reference_choice_owner_blocked,2bit:VALUE|INAPPLICABLE|SCIENTIFIC_UNDEFINED|NOT_REACHED;non-VALUE_payload=canonical_zero;NaN_prohibited_as_state;one_independent_2bit_state_per_named_scalar_or_fixed_class_element;class_c>=K_g_is_INAPPLICABLE;NOT_REACHED_until_truth_reference_is_owner_approved_or_if_upstream_truth_stage_not_entered;VALUE_only_if_selected_input_is_VALUE_and_41_61_discrepancy<=1e-6;SCIENTIFIC_UNDEFINED_for_invalid_selected_input_or_excess_discrepancy,persist,finite_but_unresolved_static_extension,cell_lock_or_family_classification,selected_truth,owner_blocked
rel.cell.truth_macro_41,cell_static_extension,reliability,extension,F64,9_including_8_payload+1_element_state_mask;record_framing_unresolved,every_reliability_cell_reaching_truth,2bit:VALUE|INAPPLICABLE|SCIENTIFIC_UNDEFINED|NOT_REACHED;non-VALUE_payload=canonical_zero;NaN_prohibited_as_state;one_independent_2bit_state_per_named_scalar_or_fixed_class_element;class_c>=K_g_is_INAPPLICABLE;applicable_element_NOT_REACHED_if_missingness_stage_fails;when_truth_stage_is_reached_both_orders_are_attempted_and_each_applicable_element_is_VALUE_if_finite_else_SCIENTIFIC_UNDEFINED;one_order_or_element_failure_does_not_erase_the_other,persist,finite_but_unresolved_static_extension,cell_lock_or_family_classification,quadrature_order_41,freeze_candidate
rel.cell.truth_macro_61,cell_static_extension,reliability,extension,F64,9_including_8_payload+1_element_state_mask;record_framing_unresolved,same_as_truth_macro_41,2bit:VALUE|INAPPLICABLE|SCIENTIFIC_UNDEFINED|NOT_REACHED;non-VALUE_payload=canonical_zero;NaN_prohibited_as_state;one_independent_2bit_state_per_named_scalar_or_fixed_class_element;class_c>=K_g_is_INAPPLICABLE;applicable_element_NOT_REACHED_if_missingness_stage_fails;when_truth_stage_is_reached_both_orders_are_attempted_and_each_applicable_element_is_VALUE_if_finite_else_SCIENTIFIC_UNDEFINED;one_order_or_element_failure_does_not_erase_the_other,persist,finite_but_unresolved_static_extension,cell_lock_or_family_classification,quadrature_order_61,freeze_candidate
rel.cell.truth_macro_delta,cell_static_extension,reliability,extension,F64,9_including_8_payload+1_element_state_mask;record_framing_unresolved,same_as_truth_macro_41,2bit:VALUE|INAPPLICABLE|SCIENTIFIC_UNDEFINED|NOT_REACHED;non-VALUE_payload=canonical_zero;NaN_prohibited_as_state;one_independent_2bit_state_per_named_scalar_or_fixed_class_element;class_c>=K_g_is_INAPPLICABLE;VALUE_iff_corresponding_41_and_61_elements_are_VALUE;SCIENTIFIC_UNDEFINED_if_either_reached_order_element_is_undefined;NOT_REACHED_if_truth_stage_not_entered,persist,finite_but_unresolved_static_extension,cell_lock_or_family_classification,absolute_order_difference,freeze_candidate
rel.cell.truth_macro_final,cell_static_extension,reliability,extension,F64,9_including_8_payload+1_element_state_mask;record_framing_unresolved,truth_reference_choice_owner_blocked,2bit:VALUE|INAPPLICABLE|SCIENTIFIC_UNDEFINED|NOT_REACHED;non-VALUE_payload=canonical_zero;NaN_prohibited_as_state;one_independent_2bit_state_per_named_scalar_or_fixed_class_element;class_c>=K_g_is_INAPPLICABLE;NOT_REACHED_until_truth_reference_is_owner_approved_or_if_upstream_truth_stage_not_entered;VALUE_only_if_selected_input_is_VALUE_and_41_61_discrepancy<=1e-6;SCIENTIFIC_UNDEFINED_for_invalid_selected_input_or_excess_discrepancy,persist,finite_but_unresolved_static_extension,cell_lock_or_family_classification,selected_truth,owner_blocked
rel.cell.truth_positive_41,cell_static_extension,reliability,extension,F64[4],33_including_32_payload+1_element_state_mask;record_framing_unresolved,four_fixed_class_slots;classes_c>=K_g_structurally_absent,2bit:VALUE|INAPPLICABLE|SCIENTIFIC_UNDEFINED|NOT_REACHED;non-VALUE_payload=canonical_zero;NaN_prohibited_as_state;one_independent_2bit_state_per_named_scalar_or_fixed_class_element;class_c>=K_g_is_INAPPLICABLE;applicable_element_NOT_REACHED_if_missingness_stage_fails;when_truth_stage_is_reached_both_orders_are_attempted_and_each_applicable_element_is_VALUE_if_finite_else_SCIENTIFIC_UNDEFINED;one_order_or_element_failure_does_not_erase_the_other,persist,finite_but_unresolved_static_extension,cell_lock_or_family_classification,quadrature_order_41,freeze_candidate
rel.cell.truth_positive_61,cell_static_extension,reliability,extension,F64[4],33_including_32_payload+1_element_state_mask;record_framing_unresolved,same_as_truth_positive_41,2bit:VALUE|INAPPLICABLE|SCIENTIFIC_UNDEFINED|NOT_REACHED;non-VALUE_payload=canonical_zero;NaN_prohibited_as_state;one_independent_2bit_state_per_named_scalar_or_fixed_class_element;class_c>=K_g_is_INAPPLICABLE;applicable_element_NOT_REACHED_if_missingness_stage_fails;when_truth_stage_is_reached_both_orders_are_attempted_and_each_applicable_element_is_VALUE_if_finite_else_SCIENTIFIC_UNDEFINED;one_order_or_element_failure_does_not_erase_the_other,persist,finite_but_unresolved_static_extension,cell_lock_or_family_classification,quadrature_order_61,freeze_candidate
rel.cell.truth_positive_delta,cell_static_extension,reliability,extension,F64[4],33_including_32_payload+1_element_state_mask;record_framing_unresolved,same_as_truth_positive_41,2bit:VALUE|INAPPLICABLE|SCIENTIFIC_UNDEFINED|NOT_REACHED;non-VALUE_payload=canonical_zero;NaN_prohibited_as_state;one_independent_2bit_state_per_named_scalar_or_fixed_class_element;class_c>=K_g_is_INAPPLICABLE;VALUE_iff_corresponding_41_and_61_elements_are_VALUE;SCIENTIFIC_UNDEFINED_if_either_reached_order_element_is_undefined;NOT_REACHED_if_truth_stage_not_entered,persist,finite_but_unresolved_static_extension,cell_lock_or_family_classification,absolute_order_difference,freeze_candidate
rel.cell.truth_positive_final,cell_static_extension,reliability,extension,F64[4],33_including_32_payload+1_element_state_mask;record_framing_unresolved,truth_reference_choice_owner_blocked;classes_c>=K_g_structurally_absent,2bit:VALUE|INAPPLICABLE|SCIENTIFIC_UNDEFINED|NOT_REACHED;non-VALUE_payload=canonical_zero;NaN_prohibited_as_state;one_independent_2bit_state_per_named_scalar_or_fixed_class_element;class_c>=K_g_is_INAPPLICABLE;NOT_REACHED_until_truth_reference_is_owner_approved_or_if_upstream_truth_stage_not_entered;VALUE_only_if_selected_input_is_VALUE_and_41_61_discrepancy<=1e-6;SCIENTIFIC_UNDEFINED_for_invalid_selected_input_or_excess_discrepancy,persist,finite_but_unresolved_static_extension,cell_lock_or_family_classification,selected_truth,owner_blocked
rel.cell.null_boundary_class,cell_static_extension,reliability,extension,ENUM8,2_including_1_payload+1_element_state_mask;record_framing_unresolved,requires_final_truth,2bit:VALUE|INAPPLICABLE|SCIENTIFIC_UNDEFINED|NOT_REACHED;non-VALUE_payload=canonical_zero;NaN_prohibited_as_state;VALUE_if_all_required_final_truth_components_are_VALUE;SCIENTIFIC_UNDEFINED_if_final_truth_was_reached_but_unclassifiable;NOT_REACHED_if_final_truth_stage_not_entered,persist,finite_but_unresolved_static_extension,cell_lock_or_family_classification,null|alternative|boundary,freeze_candidate
rel.cell.planning_truth_eligibility,cell_static_extension,reliability,extension,BOOL,2_including_1_payload+1_element_state_mask;record_framing_unresolved,planning_family_and_final_truth,2bit:VALUE|INAPPLICABLE|SCIENTIFIC_UNDEFINED|NOT_REACHED;non-VALUE_payload=canonical_zero;NaN_prohibited_as_state;INAPPLICABLE_for_manifest_nonplanning_cell;VALUE_if_planning_member_final_truth_is_classifiable;SCIENTIFIC_UNDEFINED_if_reached_but_unclassifiable;NOT_REACHED_if_final_truth_stage_not_entered,persist,finite_but_unresolved_static_extension,cell_lock_or_family_classification,family_gate_applicability,freeze_candidate
rel.cell.static_failure,cell_static_extension,reliability,extension,ENUM16,3_including_2_payload+1_element_state_mask;record_framing_unresolved,every_reliability_cell,2bit:VALUE|INAPPLICABLE|SCIENTIFIC_UNDEFINED|NOT_REACHED;non-VALUE_payload=canonical_zero;NaN_prohibited_as_state;VALUE_ENUM_after_static_audit_including_NONE_or_first_failure;infrastructure_noncompletion_is_separate,persist,finite_but_unresolved_static_extension,cell_lock_or_family_classification,first_static_failure,freeze_candidate
rel.outer.alpha,outer_core,reliability,0,F64,8,outer_DGP_reached,2bit:VALUE|INAPPLICABLE|SCIENTIFIC_UNDEFINED|NOT_REACHED;non-VALUE payload=canonical_zero;NaN_prohibited_as_state,persist,sum_rel_cells(M_c);M_c=0_if_I_R3=0_and_I_complete_iff_M_c=R_with_no_integrity_mismatch,coverage_truth_reference,outer_DGP_reached=>VALUE_if_observed_alpha_defined_else_SCIENTIFIC_UNDEFINED;upstream_DGP_nonreach=>NOT_REACHED;component_local_failure_does_not_erase_other_reached_slots,freeze_candidate
rel.outer.alpha_ci_lower,outer_core,reliability,1,F64,8,outer_DGP_and_analysis_reached,2bit:VALUE|INAPPLICABLE|SCIENTIFIC_UNDEFINED|NOT_REACHED;non-VALUE payload=canonical_zero;NaN_prohibited_as_state,persist,sum_rel_cells(M_c);M_c=0_if_I_R3=0_and_I_complete_iff_M_c=R_with_no_integrity_mismatch,percentile_interval,outer_DGP_and_analysis_reached=>VALUE_iff_observed_alpha_and_all_9999_bootstrap_alphas_defined_else_SCIENTIFIC_UNDEFINED;upstream_DGP_nonreach=>NOT_REACHED;observed_alpha_remains_VALUE_when_only_bootstrap_fails,freeze_candidate
rel.outer.alpha_ci_upper,outer_core,reliability,2,F64,8,outer_DGP_and_analysis_reached,2bit:VALUE|INAPPLICABLE|SCIENTIFIC_UNDEFINED|NOT_REACHED;non-VALUE payload=canonical_zero;NaN_prohibited_as_state,persist,sum_rel_cells(M_c);M_c=0_if_I_R3=0_and_I_complete_iff_M_c=R_with_no_integrity_mismatch,percentile_interval,same_transition_as_alpha_ci_lower;state_is_independent_of_other_reached_descriptives,freeze_candidate
rel.outer.macro_agreement,outer_core,reliability,3,F64,8,outer_DGP_reached,2bit:VALUE|INAPPLICABLE|SCIENTIFIC_UNDEFINED|NOT_REACHED;non-VALUE payload=canonical_zero;NaN_prohibited_as_state,persist,sum_rel_cells(M_c);M_c=0_if_I_R3=0_and_I_complete_iff_M_c=R_with_no_integrity_mismatch,descriptive_metric,outer_DGP_reached=>VALUE_if_macro_denominator_defined_else_SCIENTIFIC_UNDEFINED;upstream_DGP_nonreach=>NOT_REACHED;independent_of_alpha_and_bootstrap_state,freeze_candidate
rel.outer.positive_agreement_c0,outer_core,reliability,4,F64,8,K_g>0;outer_DGP_reached,2bit:VALUE|INAPPLICABLE|SCIENTIFIC_UNDEFINED|NOT_REACHED;non-VALUE payload=canonical_zero;NaN_prohibited_as_state,persist,sum_rel_cells(M_c);M_c=0_if_I_R3=0_and_I_complete_iff_M_c=R_with_no_integrity_mismatch,class_gate_and_description,K_g<=0=>INAPPLICABLE;K_g>0_and_outer_DGP_reached=>VALUE_if_required_positive_agreement_denominator_positive_else_SCIENTIFIC_UNDEFINED;upstream_DGP_nonreach=>NOT_REACHED;component_local_failure_does_not_erase_other_classes_or_descriptives,freeze_candidate
rel.outer.positive_agreement_c1,outer_core,reliability,5,F64,8,K_g>1;outer_DGP_reached,2bit:VALUE|INAPPLICABLE|SCIENTIFIC_UNDEFINED|NOT_REACHED;non-VALUE payload=canonical_zero;NaN_prohibited_as_state,persist,sum_rel_cells(M_c);M_c=0_if_I_R3=0_and_I_complete_iff_M_c=R_with_no_integrity_mismatch,class_gate_and_description,K_g<=1=>INAPPLICABLE;K_g>1_and_outer_DGP_reached=>VALUE_if_required_positive_agreement_denominator_positive_else_SCIENTIFIC_UNDEFINED;upstream_DGP_nonreach=>NOT_REACHED;component_local_failure_does_not_erase_other_classes_or_descriptives,freeze_candidate
rel.outer.positive_agreement_c2,outer_core,reliability,6,F64,8,K_g>2;outer_DGP_reached,2bit:VALUE|INAPPLICABLE|SCIENTIFIC_UNDEFINED|NOT_REACHED;non-VALUE payload=canonical_zero;NaN_prohibited_as_state,persist,sum_rel_cells(M_c);M_c=0_if_I_R3=0_and_I_complete_iff_M_c=R_with_no_integrity_mismatch,class_gate_and_description,K_g<=2=>INAPPLICABLE;K_g>2_and_outer_DGP_reached=>VALUE_if_required_positive_agreement_denominator_positive_else_SCIENTIFIC_UNDEFINED;upstream_DGP_nonreach=>NOT_REACHED;component_local_failure_does_not_erase_other_classes_or_descriptives,freeze_candidate
rel.outer.positive_agreement_c3,outer_core,reliability,7,F64,8,K_g>3;outer_DGP_reached,2bit:VALUE|INAPPLICABLE|SCIENTIFIC_UNDEFINED|NOT_REACHED;non-VALUE payload=canonical_zero;NaN_prohibited_as_state,persist,sum_rel_cells(M_c);M_c=0_if_I_R3=0_and_I_complete_iff_M_c=R_with_no_integrity_mismatch,class_gate_and_description,K_g<=3=>INAPPLICABLE;K_g>3_and_outer_DGP_reached=>VALUE_if_required_positive_agreement_denominator_positive_else_SCIENTIFIC_UNDEFINED;upstream_DGP_nonreach=>NOT_REACHED;component_local_failure_does_not_erase_other_classes_or_descriptives,freeze_candidate
rel.outer.prevalence_c0,outer_core,reliability,8,F64,8,K_g>0;outer_DGP_reached,2bit:VALUE|INAPPLICABLE|SCIENTIFIC_UNDEFINED|NOT_REACHED;non-VALUE payload=canonical_zero;NaN_prohibited_as_state,persist,sum_rel_cells(M_c);M_c=0_if_I_R3=0_and_I_complete_iff_M_c=R_with_no_integrity_mismatch,class_gate_denominator,K_g<=0=>INAPPLICABLE;K_g>0_and_outer_DGP_reached=>VALUE_if_declared_prevalence_denominator_positive_else_SCIENTIFIC_UNDEFINED;upstream_DGP_nonreach=>NOT_REACHED;independent_of_positive_agreement_and_bootstrap_state,freeze_candidate
rel.outer.prevalence_c1,outer_core,reliability,9,F64,8,K_g>1;outer_DGP_reached,2bit:VALUE|INAPPLICABLE|SCIENTIFIC_UNDEFINED|NOT_REACHED;non-VALUE payload=canonical_zero;NaN_prohibited_as_state,persist,sum_rel_cells(M_c);M_c=0_if_I_R3=0_and_I_complete_iff_M_c=R_with_no_integrity_mismatch,class_gate_denominator,K_g<=1=>INAPPLICABLE;K_g>1_and_outer_DGP_reached=>VALUE_if_declared_prevalence_denominator_positive_else_SCIENTIFIC_UNDEFINED;upstream_DGP_nonreach=>NOT_REACHED;independent_of_positive_agreement_and_bootstrap_state,freeze_candidate
rel.outer.prevalence_c2,outer_core,reliability,10,F64,8,K_g>2;outer_DGP_reached,2bit:VALUE|INAPPLICABLE|SCIENTIFIC_UNDEFINED|NOT_REACHED;non-VALUE payload=canonical_zero;NaN_prohibited_as_state,persist,sum_rel_cells(M_c);M_c=0_if_I_R3=0_and_I_complete_iff_M_c=R_with_no_integrity_mismatch,class_gate_denominator,K_g<=2=>INAPPLICABLE;K_g>2_and_outer_DGP_reached=>VALUE_if_declared_prevalence_denominator_positive_else_SCIENTIFIC_UNDEFINED;upstream_DGP_nonreach=>NOT_REACHED;independent_of_positive_agreement_and_bootstrap_state,freeze_candidate
rel.outer.prevalence_c3,outer_core,reliability,11,F64,8,K_g>3;outer_DGP_reached,2bit:VALUE|INAPPLICABLE|SCIENTIFIC_UNDEFINED|NOT_REACHED;non-VALUE payload=canonical_zero;NaN_prohibited_as_state,persist,sum_rel_cells(M_c);M_c=0_if_I_R3=0_and_I_complete_iff_M_c=R_with_no_integrity_mismatch,class_gate_denominator,K_g<=3=>INAPPLICABLE;K_g>3_and_outer_DGP_reached=>VALUE_if_declared_prevalence_denominator_positive_else_SCIENTIFIC_UNDEFINED;upstream_DGP_nonreach=>NOT_REACHED;independent_of_positive_agreement_and_bootstrap_state,freeze_candidate
rel.outer.missing_overall,outer_core,reliability,12,F64,8,every_reached_outer,2bit:VALUE|INAPPLICABLE|SCIENTIFIC_UNDEFINED|NOT_REACHED;non-VALUE payload=canonical_zero;NaN_prohibited_as_state,persist,sum_rel_cells(M_c);M_c=0_if_I_R3=0_and_I_complete_iff_M_c=R_with_no_integrity_mismatch,missingness_gate,outer_DGP_reached=>VALUE_if_declared_assignment_denominator_defined_else_SCIENTIFIC_UNDEFINED;upstream_DGP_nonreach=>NOT_REACHED,freeze_candidate
rel.outer.missing_reader_min,outer_core,reliability,13,F64,8,every_reached_outer,2bit:VALUE|INAPPLICABLE|SCIENTIFIC_UNDEFINED|NOT_REACHED;non-VALUE payload=canonical_zero;NaN_prohibited_as_state,persist,sum_rel_cells(M_c);M_c=0_if_I_R3=0_and_I_complete_iff_M_c=R_with_no_integrity_mismatch,reader_span_component,outer_DGP_reached=>VALUE_if_all_required_reader_denominators_defined_else_SCIENTIFIC_UNDEFINED;upstream_DGP_nonreach=>NOT_REACHED,freeze_candidate
rel.outer.missing_reader_max,outer_core,reliability,14,F64,8,every_reached_outer,2bit:VALUE|INAPPLICABLE|SCIENTIFIC_UNDEFINED|NOT_REACHED;non-VALUE payload=canonical_zero;NaN_prohibited_as_state,persist,sum_rel_cells(M_c);M_c=0_if_I_R3=0_and_I_complete_iff_M_c=R_with_no_integrity_mismatch,reader_span_component,same_transition_as_missing_reader_min,freeze_candidate
rel.outer.missing_reader_span,outer_core,reliability,15,F64,8,every_reached_outer,2bit:VALUE|INAPPLICABLE|SCIENTIFIC_UNDEFINED|NOT_REACHED;non-VALUE payload=canonical_zero;NaN_prohibited_as_state,persist,sum_rel_cells(M_c);M_c=0_if_I_R3=0_and_I_complete_iff_M_c=R_with_no_integrity_mismatch,reader_span_gate,VALUE_iff_missing_reader_min_and_max_VALUE;SCIENTIFIC_UNDEFINED_if_reached_component_missing;upstream_DGP_nonreach=>NOT_REACHED,freeze_candidate
rel.outer.missing_arm_min,outer_core,reliability,16,F64,8,every_reached_outer,2bit:VALUE|INAPPLICABLE|SCIENTIFIC_UNDEFINED|NOT_REACHED;non-VALUE payload=canonical_zero;NaN_prohibited_as_state,persist,sum_rel_cells(M_c);M_c=0_if_I_R3=0_and_I_complete_iff_M_c=R_with_no_integrity_mismatch,presentation_arm_span_component,outer_DGP_reached=>VALUE_if_all_required_presentation_arm_denominators_defined_else_SCIENTIFIC_UNDEFINED;upstream_DGP_nonreach=>NOT_REACHED,freeze_candidate
rel.outer.missing_arm_max,outer_core,reliability,17,F64,8,every_reached_outer,2bit:VALUE|INAPPLICABLE|SCIENTIFIC_UNDEFINED|NOT_REACHED;non-VALUE payload=canonical_zero;NaN_prohibited_as_state,persist,sum_rel_cells(M_c);M_c=0_if_I_R3=0_and_I_complete_iff_M_c=R_with_no_integrity_mismatch,presentation_arm_span_component,same_transition_as_missing_arm_min,freeze_candidate
rel.outer.missing_arm_span,outer_core,reliability,18,F64,8,every_reached_outer,2bit:VALUE|INAPPLICABLE|SCIENTIFIC_UNDEFINED|NOT_REACHED;non-VALUE payload=canonical_zero;NaN_prohibited_as_state,persist,sum_rel_cells(M_c);M_c=0_if_I_R3=0_and_I_complete_iff_M_c=R_with_no_integrity_mismatch,presentation_arm_span_gate,VALUE_iff_missing_arm_min_and_max_VALUE;SCIENTIFIC_UNDEFINED_if_reached_component_missing;upstream_DGP_nonreach=>NOT_REACHED,freeze_candidate
rel.outer.event_alpha_point,outer_core,reliability,19,BOOL,8,every_outer_identity,2bit:VALUE|INAPPLICABLE|SCIENTIFIC_UNDEFINED|NOT_REACHED;non-VALUE payload=canonical_zero;NaN_prohibited_as_state,persist,sum_rel_cells(M_c);M_c=0_if_I_R3=0_and_I_complete_iff_M_c=R_with_no_integrity_mismatch,event_bit=0;VALUE_bool_every_outer;success=alpha_VALUE_and_alpha>=0.80;undefined_alpha=>false_and_status_ESTIMAND_NONESTIMABLE_and_bit13;numeric_threshold_miss=>false_only,applicable_event_is_always_VALUE_bool;scientific_nonestimability_is_false,freeze_candidate
rel.outer.event_alpha_lower,outer_core,reliability,20,BOOL,8,every_outer_identity,2bit:VALUE|INAPPLICABLE|SCIENTIFIC_UNDEFINED|NOT_REACHED;non-VALUE payload=canonical_zero;NaN_prohibited_as_state,persist,sum_rel_cells(M_c);M_c=0_if_I_R3=0_and_I_complete_iff_M_c=R_with_no_integrity_mismatch,event_bit=1;VALUE_bool_every_outer;success=ci_lower_VALUE_and_ci_lower>=0.67;undefined_interval=>false_and_bit13_and_inherit_or_set_nonestimable_status;undefined_bootstrap_count>0=>also_bit14_and_status_BOOTSTRAP_UNDEFINED;numeric_threshold_miss=>false_only,applicable_event_is_always_VALUE_bool;scientific_nonestimability_is_false,freeze_candidate
rel.outer.event_macro,outer_core,reliability,21,BOOL,8,every_outer_identity,2bit:VALUE|INAPPLICABLE|SCIENTIFIC_UNDEFINED|NOT_REACHED;non-VALUE payload=canonical_zero;NaN_prohibited_as_state,persist,sum_rel_cells(M_c);M_c=0_if_I_R3=0_and_I_complete_iff_M_c=R_with_no_integrity_mismatch,event_bit=2;VALUE_bool_every_outer;success=macro_VALUE_and_macro>=0.85;undefined_metric=>false_and_status_ESTIMAND_NONESTIMABLE_and_bit13;numeric_threshold_miss=>false_only,applicable_event_is_always_VALUE_bool;scientific_nonestimability_is_false,freeze_candidate
rel.outer.event_class_c0,outer_core,reliability,22,BOOL,8,K_g>0;every_outer_identity,2bit:VALUE|INAPPLICABLE|SCIENTIFIC_UNDEFINED|NOT_REACHED;non-VALUE payload=canonical_zero;NaN_prohibited_as_state,persist,sum_rel_cells(M_c);M_c=0_if_I_R3=0_and_I_complete_iff_M_c=R_with_no_integrity_mismatch,event_bit=3;VALUE_bool_every_outer_when_K>0;success=positive_c0_VALUE_and_positive_c0>=0.75;empty_required_denominator=>false_and_status_ESTIMAND_NONESTIMABLE_and_bit13;numeric_threshold_miss=>false_only,applicable_event_is_always_VALUE_bool;scientific_nonestimability_is_false,freeze_candidate
rel.outer.event_class_c1,outer_core,reliability,23,BOOL,8,K_g>1;every_outer_identity,2bit:VALUE|INAPPLICABLE|SCIENTIFIC_UNDEFINED|NOT_REACHED;non-VALUE payload=canonical_zero;NaN_prohibited_as_state,persist,sum_rel_cells(M_c);M_c=0_if_I_R3=0_and_I_complete_iff_M_c=R_with_no_integrity_mismatch,event_bit=4;VALUE_bool_every_outer_when_K>1;success=positive_c1_VALUE_and_positive_c1>=0.75;empty_required_denominator=>false_and_status_ESTIMAND_NONESTIMABLE_and_bit13;numeric_threshold_miss=>false_only,applicable_event_is_always_VALUE_bool;scientific_nonestimability_is_false,freeze_candidate
rel.outer.event_class_c2,outer_core,reliability,24,BOOL,8,K_g>2;every_outer_identity,2bit:VALUE|INAPPLICABLE|SCIENTIFIC_UNDEFINED|NOT_REACHED;non-VALUE payload=canonical_zero;NaN_prohibited_as_state,persist,sum_rel_cells(M_c);M_c=0_if_I_R3=0_and_I_complete_iff_M_c=R_with_no_integrity_mismatch,event_bit=5;VALUE_bool_every_outer_when_K>2;success=positive_c2_VALUE_and_positive_c2>=0.75;empty_required_denominator=>false_and_status_ESTIMAND_NONESTIMABLE_and_bit13;numeric_threshold_miss=>false_only,applicable_event_is_always_VALUE_bool;scientific_nonestimability_is_false,freeze_candidate
rel.outer.event_class_c3,outer_core,reliability,25,BOOL,8,K_g>3;every_outer_identity,2bit:VALUE|INAPPLICABLE|SCIENTIFIC_UNDEFINED|NOT_REACHED;non-VALUE payload=canonical_zero;NaN_prohibited_as_state,persist,sum_rel_cells(M_c);M_c=0_if_I_R3=0_and_I_complete_iff_M_c=R_with_no_integrity_mismatch,event_bit=6;VALUE_bool_every_outer_when_K>3;success=positive_c3_VALUE_and_positive_c3>=0.75;empty_required_denominator=>false_and_status_ESTIMAND_NONESTIMABLE_and_bit13;numeric_threshold_miss=>false_only,applicable_event_is_always_VALUE_bool;scientific_nonestimability_is_false,freeze_candidate
rel.outer.event_allocation,outer_core,reliability,26,BOOL,8,every_outer_identity,2bit:VALUE|INAPPLICABLE|SCIENTIFIC_UNDEFINED|NOT_REACHED;non-VALUE payload=canonical_zero;NaN_prohibited_as_state,persist,sum_rel_cells(M_c);M_c=0_if_I_R3=0_and_I_complete_iff_M_c=R_with_no_integrity_mismatch,event_bit=7;VALUE_bool_every_outer;success=every_frozen_intended_stratum_quota_met;quota_miss=>false_and_status_ESTIMAND_NONESTIMABLE_and_bit13,applicable_event_is_always_VALUE_bool;scientific_nonestimability_is_false,freeze_candidate
rel.outer.event_missing_overall,outer_core,reliability,27,BOOL,8,every_outer_identity,2bit:VALUE|INAPPLICABLE|SCIENTIFIC_UNDEFINED|NOT_REACHED;non-VALUE payload=canonical_zero;NaN_prohibited_as_state,persist,sum_rel_cells(M_c);M_c=0_if_I_R3=0_and_I_complete_iff_M_c=R_with_no_integrity_mismatch,event_bit=8;VALUE_bool_every_outer;success=missing_overall_VALUE_and_missing_overall<=0.05;undefined_or_above_0.05=>false_and_status_ESTIMAND_NONESTIMABLE_and_bit13,applicable_event_is_always_VALUE_bool;scientific_nonestimability_is_false,freeze_candidate
rel.outer.event_missing_reader_span,outer_core,reliability,28,BOOL,8,every_outer_identity,2bit:VALUE|INAPPLICABLE|SCIENTIFIC_UNDEFINED|NOT_REACHED;non-VALUE payload=canonical_zero;NaN_prohibited_as_state,persist,sum_rel_cells(M_c);M_c=0_if_I_R3=0_and_I_complete_iff_M_c=R_with_no_integrity_mismatch,event_bit=9;VALUE_bool_every_outer;success=reader_span_VALUE_and_reader_span<=0.05;undefined_or_above_0.05=>false_and_status_ESTIMAND_NONESTIMABLE_and_bit13,applicable_event_is_always_VALUE_bool;scientific_nonestimability_is_false,freeze_candidate
rel.outer.event_missing_arm_span,outer_core,reliability,29,BOOL,8,every_outer_identity,2bit:VALUE|INAPPLICABLE|SCIENTIFIC_UNDEFINED|NOT_REACHED;non-VALUE payload=canonical_zero;NaN_prohibited_as_state,persist,sum_rel_cells(M_c);M_c=0_if_I_R3=0_and_I_complete_iff_M_c=R_with_no_integrity_mismatch,event_bit=10;VALUE_bool_every_outer;success=arm_span_VALUE_and_arm_span<=0.05;undefined_or_above_0.05=>false_and_status_ESTIMAND_NONESTIMABLE_and_bit13,applicable_event_is_always_VALUE_bool;scientific_nonestimability_is_false,freeze_candidate
rel.outer.event_complete_gate,outer_core,reliability,30,BOOL,8,every_outer_identity,2bit:VALUE|INAPPLICABLE|SCIENTIFIC_UNDEFINED|NOT_REACHED;non-VALUE payload=canonical_zero;NaN_prohibited_as_state,persist,sum_rel_cells(M_c);M_c=0_if_I_R3=0_and_I_complete_iff_M_c=R_with_no_integrity_mismatch,event_bit=11;VALUE_bool_every_outer;success=bits_0_to_2_and_7_to_10_and_all_applicable_class_bits_true;nonestimable_or_not_reached=false,applicable_event_is_always_VALUE_bool;scientific_nonestimability_is_false,freeze_candidate
rel.outer.event_coverage,outer_core,reliability,31,BOOL,8,every_outer_identity,2bit:VALUE|INAPPLICABLE|SCIENTIFIC_UNDEFINED|NOT_REACHED;non-VALUE payload=canonical_zero;NaN_prohibited_as_state,persist,sum_rel_cells(M_c);M_c=0_if_I_R3=0_and_I_complete_iff_M_c=R_with_no_integrity_mismatch,event_bit=12;VALUE_bool_every_outer;success=ci_and_final_truth_VALUE_and_ci_lower<=truth_alpha_final<=ci_upper;nonestimable_or_not_reached=false,applicable_event_is_always_VALUE_bool;scientific_nonestimability_is_false,freeze_candidate
rel.aggregate.coverage,cell_aggregate_event,reliability,event_registry,U64_trials+U64_successes+F64_estimate+ENUM8_interval+F64_alpha+F64_lower+F64_upper,typed_aggregate_extension,audit_record_every_reliability_cell;VALUE_only_if_I_R3=1_and_I_complete=1;NOT_REACHED_if_I_R3=0_or_I_complete=0,2bit:VALUE|INAPPLICABLE|SCIENTIFIC_UNDEFINED|NOT_REACHED;non-VALUE payload=canonical_zero;NaN_prohibited_as_state,persist,one_stateful_field_per_reliability_candidate,I_R3=0=>state_NOT_REACHED_trials=0_no_interval;I_R3=1_and_I_complete=0=>state_NOT_REACHED_trials=0_no_interval_completion_or_integrity_failure;I_R3=1_and_I_complete=1=>x=sum_j I(event_bit12=true);N=R=120000;scientific_nonestimable_or_not_reached_counts_failure;CP_two_sided_alpha=0.05;accept_lower>=0.945,I_complete=1_iff_completion_bitmap_has_all_R_bits_and_exactly_one_integrity_valid_canonical_record_per_outer_identity;I_R3_static_failure_marks_aggregate_NOT_REACHED_and_family_static_failure;I_complete=0_always_marks_aggregate_NOT_REACHED_without_imputation_or_partial_denominator;integrity_schema_or_unequal_duplicate_mismatch_is_conclusive_family_FAIL_and_failed_inventory_member;absence_or_incomplete_records_without_conclusive_mismatch_is_infrastructure_missing_and_family_INCOMPLETE_unless_another_FAIL_dominates;scientific_failure_inside_a_complete_R_run_remains_in_fixed_R_denominator,freeze_candidate
rel.aggregate.complete_gate,cell_aggregate_event,reliability,event_registry,U64_trials+U64_successes+F64_estimate+ENUM8_interval+F64_alpha+F64_lower+F64_upper,typed_aggregate_extension,audit_record_every_reliability_cell;VALUE_only_if_I_R3=1_and_I_complete=1;NOT_REACHED_if_I_R3=0_or_I_complete=0,2bit:VALUE|INAPPLICABLE|SCIENTIFIC_UNDEFINED|NOT_REACHED;non-VALUE payload=canonical_zero;NaN_prohibited_as_state,persist,one_stateful_field_per_reliability_candidate,I_R3=0=>state_NOT_REACHED_trials=0_no_interval;I_R3=1_and_I_complete=0=>state_NOT_REACHED_trials=0_no_interval_completion_or_integrity_failure;I_R3=1_and_I_complete=1=>x=sum_j I(event_bit11=true);N=R=120000;scientific_nonestimable_or_not_reached_counts_failure;CP_two_sided_alpha=0.05;descriptive,I_complete=1_iff_completion_bitmap_has_all_R_bits_and_exactly_one_integrity_valid_canonical_record_per_outer_identity;I_R3_static_failure_marks_aggregate_NOT_REACHED_and_family_static_failure;I_complete=0_always_marks_aggregate_NOT_REACHED_without_imputation_or_partial_denominator;integrity_schema_or_unequal_duplicate_mismatch_is_conclusive_family_FAIL_and_failed_inventory_member;absence_or_incomplete_records_without_conclusive_mismatch_is_infrastructure_missing_and_family_INCOMPLETE_unless_another_FAIL_dominates;scientific_failure_inside_a_complete_R_run_remains_in_fixed_R_denominator,freeze_candidate
rel.aggregate.outer_nonestimable,cell_aggregate_event,reliability,event_registry,U64_trials+U64_successes+F64_estimate+ENUM8_interval+F64_alpha+F64_lower+F64_upper,typed_aggregate_extension,audit_record_every_reliability_cell;VALUE_only_if_I_R3=1_and_I_complete=1;NOT_REACHED_if_I_R3=0_or_I_complete=0,2bit:VALUE|INAPPLICABLE|SCIENTIFIC_UNDEFINED|NOT_REACHED;non-VALUE payload=canonical_zero;NaN_prohibited_as_state,persist,one_stateful_field_per_reliability_candidate,I_R3=0=>state_NOT_REACHED_trials=0_no_interval;I_R3=1_and_I_complete=0=>state_NOT_REACHED_trials=0_no_interval_completion_or_integrity_failure;I_R3=1_and_I_complete=1=>x=sum_j I(event_bit13=true);N=R=120000;bit13_true_for_undefined_observed_or_bootstrap_statistic_quota_miss_empty_required_class_denominator_or_missingness_span_failure;CP_two_sided_alpha=0.05;ordinary_numeric_gate_threshold_miss_alone_is_not_nonestimability,I_complete=1_iff_completion_bitmap_has_all_R_bits_and_exactly_one_integrity_valid_canonical_record_per_outer_identity;I_R3_static_failure_marks_aggregate_NOT_REACHED_and_family_static_failure;I_complete=0_always_marks_aggregate_NOT_REACHED_without_imputation_or_partial_denominator;integrity_schema_or_unequal_duplicate_mismatch_is_conclusive_family_FAIL_and_failed_inventory_member;absence_or_incomplete_records_without_conclusive_mismatch_is_infrastructure_missing_and_family_INCOMPLETE_unless_another_FAIL_dominates;scientific_failure_inside_a_complete_R_run_remains_in_fixed_R_denominator,freeze_candidate
rel.aggregate.any_undefined_bootstrap,cell_aggregate_event,reliability,event_registry,U64_trials+U64_successes+F64_estimate+ENUM8_interval+F64_alpha+F64_lower+F64_upper,typed_aggregate_extension,audit_record_every_reliability_cell;VALUE_only_if_I_R3=1_and_I_complete=1;NOT_REACHED_if_I_R3=0_or_I_complete=0,2bit:VALUE|INAPPLICABLE|SCIENTIFIC_UNDEFINED|NOT_REACHED;non-VALUE payload=canonical_zero;NaN_prohibited_as_state,persist,one_stateful_field_per_reliability_candidate,I_R3=0=>state_NOT_REACHED_trials=0_no_interval;I_R3=1_and_I_complete=0=>state_NOT_REACHED_trials=0_no_interval_completion_or_integrity_failure;I_R3=1_and_I_complete=1=>x=sum_j I(undefined_bootstrap_count>0);N=R=120000;event_mask_bit14;CP_two_sided_alpha=0.05,I_complete=1_iff_completion_bitmap_has_all_R_bits_and_exactly_one_integrity_valid_canonical_record_per_outer_identity;I_R3_static_failure_marks_aggregate_NOT_REACHED_and_family_static_failure;I_complete=0_always_marks_aggregate_NOT_REACHED_without_imputation_or_partial_denominator;integrity_schema_or_unequal_duplicate_mismatch_is_conclusive_family_FAIL_and_failed_inventory_member;absence_or_incomplete_records_without_conclusive_mismatch_is_infrastructure_missing_and_family_INCOMPLETE_unless_another_FAIL_dominates;scientific_failure_inside_a_complete_R_run_remains_in_fixed_R_denominator,freeze_candidate
rel.aggregate.failure_alpha_point,cell_aggregate_event,reliability,event_registry,U64_trials+U64_successes+F64_estimate+ENUM8_interval+F64_alpha+F64_lower+F64_upper,typed_aggregate_extension,audit_record_every_reliability_cell;VALUE_only_if_I_R3=1_and_I_complete=1;NOT_REACHED_if_I_R3=0_or_I_complete=0,2bit:VALUE|INAPPLICABLE|SCIENTIFIC_UNDEFINED|NOT_REACHED;non-VALUE payload=canonical_zero;NaN_prohibited_as_state,persist,one_stateful_field_per_reliability_candidate,I_R3=0=>state_NOT_REACHED_trials=0_no_interval;I_R3=1_and_I_complete=0=>state_NOT_REACHED_trials=0_no_interval_completion_or_integrity_failure;I_R3=1_and_I_complete=1=>x=sum_j I(event_bit0=false);N=R=120000;nonvalue_or_not_reached_is_failure;CP_two_sided_alpha=0.05,I_complete=1_iff_completion_bitmap_has_all_R_bits_and_exactly_one_integrity_valid_canonical_record_per_outer_identity;I_R3_static_failure_marks_aggregate_NOT_REACHED_and_family_static_failure;I_complete=0_always_marks_aggregate_NOT_REACHED_without_imputation_or_partial_denominator;integrity_schema_or_unequal_duplicate_mismatch_is_conclusive_family_FAIL_and_failed_inventory_member;absence_or_incomplete_records_without_conclusive_mismatch_is_infrastructure_missing_and_family_INCOMPLETE_unless_another_FAIL_dominates;scientific_failure_inside_a_complete_R_run_remains_in_fixed_R_denominator,freeze_candidate
rel.aggregate.failure_alpha_lower,cell_aggregate_event,reliability,event_registry,U64_trials+U64_successes+F64_estimate+ENUM8_interval+F64_alpha+F64_lower+F64_upper,typed_aggregate_extension,audit_record_every_reliability_cell;VALUE_only_if_I_R3=1_and_I_complete=1;NOT_REACHED_if_I_R3=0_or_I_complete=0,2bit:VALUE|INAPPLICABLE|SCIENTIFIC_UNDEFINED|NOT_REACHED;non-VALUE payload=canonical_zero;NaN_prohibited_as_state,persist,one_stateful_field_per_reliability_candidate,I_R3=0=>state_NOT_REACHED_trials=0_no_interval;I_R3=1_and_I_complete=0=>state_NOT_REACHED_trials=0_no_interval_completion_or_integrity_failure;I_R3=1_and_I_complete=1=>x=sum_j I(event_bit1=false);N=R=120000;nonvalue_or_not_reached_is_failure;CP_two_sided_alpha=0.05,I_complete=1_iff_completion_bitmap_has_all_R_bits_and_exactly_one_integrity_valid_canonical_record_per_outer_identity;I_R3_static_failure_marks_aggregate_NOT_REACHED_and_family_static_failure;I_complete=0_always_marks_aggregate_NOT_REACHED_without_imputation_or_partial_denominator;integrity_schema_or_unequal_duplicate_mismatch_is_conclusive_family_FAIL_and_failed_inventory_member;absence_or_incomplete_records_without_conclusive_mismatch_is_infrastructure_missing_and_family_INCOMPLETE_unless_another_FAIL_dominates;scientific_failure_inside_a_complete_R_run_remains_in_fixed_R_denominator,freeze_candidate
rel.aggregate.failure_macro,cell_aggregate_event,reliability,event_registry,U64_trials+U64_successes+F64_estimate+ENUM8_interval+F64_alpha+F64_lower+F64_upper,typed_aggregate_extension,audit_record_every_reliability_cell;VALUE_only_if_I_R3=1_and_I_complete=1;NOT_REACHED_if_I_R3=0_or_I_complete=0,2bit:VALUE|INAPPLICABLE|SCIENTIFIC_UNDEFINED|NOT_REACHED;non-VALUE payload=canonical_zero;NaN_prohibited_as_state,persist,one_stateful_field_per_reliability_candidate,I_R3=0=>state_NOT_REACHED_trials=0_no_interval;I_R3=1_and_I_complete=0=>state_NOT_REACHED_trials=0_no_interval_completion_or_integrity_failure;I_R3=1_and_I_complete=1=>x=sum_j I(event_bit2=false);N=R=120000;nonvalue_or_not_reached_is_failure;CP_two_sided_alpha=0.05,I_complete=1_iff_completion_bitmap_has_all_R_bits_and_exactly_one_integrity_valid_canonical_record_per_outer_identity;I_R3_static_failure_marks_aggregate_NOT_REACHED_and_family_static_failure;I_complete=0_always_marks_aggregate_NOT_REACHED_without_imputation_or_partial_denominator;integrity_schema_or_unequal_duplicate_mismatch_is_conclusive_family_FAIL_and_failed_inventory_member;absence_or_incomplete_records_without_conclusive_mismatch_is_infrastructure_missing_and_family_INCOMPLETE_unless_another_FAIL_dominates;scientific_failure_inside_a_complete_R_run_remains_in_fixed_R_denominator,freeze_candidate
rel.aggregate.failure_class_c0,cell_aggregate_event,reliability,event_registry,U64_trials+U64_successes+F64_estimate+ENUM8_interval+F64_alpha+F64_lower+F64_upper,typed_aggregate_extension,audit_record_every_reliability_cell;VALUE_only_if_I_R3=1_and_I_complete=1;NOT_REACHED_if_I_R3=0_or_I_complete=0,2bit:VALUE|INAPPLICABLE|SCIENTIFIC_UNDEFINED|NOT_REACHED;non-VALUE payload=canonical_zero;NaN_prohibited_as_state,persist,one_stateful_field_per_reliability_candidate,K_g<=0=>state_INAPPLICABLE;K_g>0_and_I_R3=0=>state_NOT_REACHED_trials=0_no_interval;K_g>0_and_I_R3=1_and_I_complete=0=>state_NOT_REACHED_trials=0_no_interval_completion_or_integrity_failure;K_g>0_and_I_R3=1_and_I_complete=1=>x=sum_j I(event_bit3=false);N=R=120000_when_K>0;nonvalue_or_not_reached_is_failure;CP_two_sided_alpha=0.05,I_complete=1_iff_completion_bitmap_has_all_R_bits_and_exactly_one_integrity_valid_canonical_record_per_outer_identity;I_R3_static_failure_marks_aggregate_NOT_REACHED_and_family_static_failure;I_complete=0_always_marks_aggregate_NOT_REACHED_without_imputation_or_partial_denominator;integrity_schema_or_unequal_duplicate_mismatch_is_conclusive_family_FAIL_and_failed_inventory_member;absence_or_incomplete_records_without_conclusive_mismatch_is_infrastructure_missing_and_family_INCOMPLETE_unless_another_FAIL_dominates;scientific_failure_inside_a_complete_R_run_remains_in_fixed_R_denominator,freeze_candidate
rel.aggregate.failure_class_c1,cell_aggregate_event,reliability,event_registry,U64_trials+U64_successes+F64_estimate+ENUM8_interval+F64_alpha+F64_lower+F64_upper,typed_aggregate_extension,audit_record_every_reliability_cell;VALUE_only_if_I_R3=1_and_I_complete=1;NOT_REACHED_if_I_R3=0_or_I_complete=0,2bit:VALUE|INAPPLICABLE|SCIENTIFIC_UNDEFINED|NOT_REACHED;non-VALUE payload=canonical_zero;NaN_prohibited_as_state,persist,one_stateful_field_per_reliability_candidate,K_g<=1=>state_INAPPLICABLE;K_g>1_and_I_R3=0=>state_NOT_REACHED_trials=0_no_interval;K_g>1_and_I_R3=1_and_I_complete=0=>state_NOT_REACHED_trials=0_no_interval_completion_or_integrity_failure;K_g>1_and_I_R3=1_and_I_complete=1=>x=sum_j I(event_bit4=false);N=R=120000_when_K>1;nonvalue_or_not_reached_is_failure;CP_two_sided_alpha=0.05,I_complete=1_iff_completion_bitmap_has_all_R_bits_and_exactly_one_integrity_valid_canonical_record_per_outer_identity;I_R3_static_failure_marks_aggregate_NOT_REACHED_and_family_static_failure;I_complete=0_always_marks_aggregate_NOT_REACHED_without_imputation_or_partial_denominator;integrity_schema_or_unequal_duplicate_mismatch_is_conclusive_family_FAIL_and_failed_inventory_member;absence_or_incomplete_records_without_conclusive_mismatch_is_infrastructure_missing_and_family_INCOMPLETE_unless_another_FAIL_dominates;scientific_failure_inside_a_complete_R_run_remains_in_fixed_R_denominator,freeze_candidate
rel.aggregate.failure_class_c2,cell_aggregate_event,reliability,event_registry,U64_trials+U64_successes+F64_estimate+ENUM8_interval+F64_alpha+F64_lower+F64_upper,typed_aggregate_extension,audit_record_every_reliability_cell;VALUE_only_if_K_g>2_and_I_R3=1_and_I_complete=1;NOT_REACHED_if_K_g>2_and_(I_R3=0_or_I_complete=0);INAPPLICABLE_if_K_g<=2,2bit:VALUE|INAPPLICABLE|SCIENTIFIC_UNDEFINED|NOT_REACHED;non-VALUE payload=canonical_zero;NaN_prohibited_as_state,persist,one_stateful_field_per_reliability_candidate,K_g<=2=>state_INAPPLICABLE;K_g>2_and_I_R3=0=>state_NOT_REACHED_trials=0_no_interval;K_g>2_and_I_R3=1_and_I_complete=0=>state_NOT_REACHED_trials=0_no_interval_completion_or_integrity_failure;K_g>2_and_I_R3=1_and_I_complete=1=>x=sum_j I(event_bit5=false);N=R=120000_when_K>2;nonvalue_or_not_reached_is_failure;CP_two_sided_alpha=0.05,I_complete=1_iff_completion_bitmap_has_all_R_bits_and_exactly_one_integrity_valid_canonical_record_per_outer_identity;I_R3_static_failure_marks_aggregate_NOT_REACHED_and_family_static_failure;I_complete=0_always_marks_aggregate_NOT_REACHED_without_imputation_or_partial_denominator;integrity_schema_or_unequal_duplicate_mismatch_is_conclusive_family_FAIL_and_failed_inventory_member;absence_or_incomplete_records_without_conclusive_mismatch_is_infrastructure_missing_and_family_INCOMPLETE_unless_another_FAIL_dominates;scientific_failure_inside_a_complete_R_run_remains_in_fixed_R_denominator,freeze_candidate
rel.aggregate.failure_class_c3,cell_aggregate_event,reliability,event_registry,U64_trials+U64_successes+F64_estimate+ENUM8_interval+F64_alpha+F64_lower+F64_upper,typed_aggregate_extension,audit_record_every_reliability_cell;VALUE_only_if_K_g>3_and_I_R3=1_and_I_complete=1;NOT_REACHED_if_K_g>3_and_(I_R3=0_or_I_complete=0);INAPPLICABLE_if_K_g<=3,2bit:VALUE|INAPPLICABLE|SCIENTIFIC_UNDEFINED|NOT_REACHED;non-VALUE payload=canonical_zero;NaN_prohibited_as_state,persist,one_stateful_field_per_reliability_candidate,K_g<=3=>state_INAPPLICABLE;K_g>3_and_I_R3=0=>state_NOT_REACHED_trials=0_no_interval;K_g>3_and_I_R3=1_and_I_complete=0=>state_NOT_REACHED_trials=0_no_interval_completion_or_integrity_failure;K_g>3_and_I_R3=1_and_I_complete=1=>x=sum_j I(event_bit6=false);N=R=120000_when_K>3;nonvalue_or_not_reached_is_failure;CP_two_sided_alpha=0.05,I_complete=1_iff_completion_bitmap_has_all_R_bits_and_exactly_one_integrity_valid_canonical_record_per_outer_identity;I_R3_static_failure_marks_aggregate_NOT_REACHED_and_family_static_failure;I_complete=0_always_marks_aggregate_NOT_REACHED_without_imputation_or_partial_denominator;integrity_schema_or_unequal_duplicate_mismatch_is_conclusive_family_FAIL_and_failed_inventory_member;absence_or_incomplete_records_without_conclusive_mismatch_is_infrastructure_missing_and_family_INCOMPLETE_unless_another_FAIL_dominates;scientific_failure_inside_a_complete_R_run_remains_in_fixed_R_denominator,freeze_candidate
rel.aggregate.failure_allocation,cell_aggregate_event,reliability,event_registry,U64_trials+U64_successes+F64_estimate+ENUM8_interval+F64_alpha+F64_lower+F64_upper,typed_aggregate_extension,audit_record_every_reliability_cell;VALUE_only_if_I_R3=1_and_I_complete=1;NOT_REACHED_if_I_R3=0_or_I_complete=0,2bit:VALUE|INAPPLICABLE|SCIENTIFIC_UNDEFINED|NOT_REACHED;non-VALUE payload=canonical_zero;NaN_prohibited_as_state,persist,one_stateful_field_per_reliability_candidate,I_R3=0=>state_NOT_REACHED_trials=0_no_interval;I_R3=1_and_I_complete=0=>state_NOT_REACHED_trials=0_no_interval_completion_or_integrity_failure;I_R3=1_and_I_complete=1=>x=sum_j I(event_bit7=false);N=R=120000;not_reached_is_failure;CP_two_sided_alpha=0.05,I_complete=1_iff_completion_bitmap_has_all_R_bits_and_exactly_one_integrity_valid_canonical_record_per_outer_identity;I_R3_static_failure_marks_aggregate_NOT_REACHED_and_family_static_failure;I_complete=0_always_marks_aggregate_NOT_REACHED_without_imputation_or_partial_denominator;integrity_schema_or_unequal_duplicate_mismatch_is_conclusive_family_FAIL_and_failed_inventory_member;absence_or_incomplete_records_without_conclusive_mismatch_is_infrastructure_missing_and_family_INCOMPLETE_unless_another_FAIL_dominates;scientific_failure_inside_a_complete_R_run_remains_in_fixed_R_denominator,freeze_candidate
rel.aggregate.failure_missing_overall,cell_aggregate_event,reliability,event_registry,U64_trials+U64_successes+F64_estimate+ENUM8_interval+F64_alpha+F64_lower+F64_upper,typed_aggregate_extension,audit_record_every_reliability_cell;VALUE_only_if_I_R3=1_and_I_complete=1;NOT_REACHED_if_I_R3=0_or_I_complete=0,2bit:VALUE|INAPPLICABLE|SCIENTIFIC_UNDEFINED|NOT_REACHED;non-VALUE payload=canonical_zero;NaN_prohibited_as_state,persist,one_stateful_field_per_reliability_candidate,I_R3=0=>state_NOT_REACHED_trials=0_no_interval;I_R3=1_and_I_complete=0=>state_NOT_REACHED_trials=0_no_interval_completion_or_integrity_failure;I_R3=1_and_I_complete=1=>x=sum_j I(event_bit8=false);N=R=120000;nonvalue_or_not_reached_is_failure;CP_two_sided_alpha=0.05,I_complete=1_iff_completion_bitmap_has_all_R_bits_and_exactly_one_integrity_valid_canonical_record_per_outer_identity;I_R3_static_failure_marks_aggregate_NOT_REACHED_and_family_static_failure;I_complete=0_always_marks_aggregate_NOT_REACHED_without_imputation_or_partial_denominator;integrity_schema_or_unequal_duplicate_mismatch_is_conclusive_family_FAIL_and_failed_inventory_member;absence_or_incomplete_records_without_conclusive_mismatch_is_infrastructure_missing_and_family_INCOMPLETE_unless_another_FAIL_dominates;scientific_failure_inside_a_complete_R_run_remains_in_fixed_R_denominator,freeze_candidate
rel.aggregate.failure_missing_reader_span,cell_aggregate_event,reliability,event_registry,U64_trials+U64_successes+F64_estimate+ENUM8_interval+F64_alpha+F64_lower+F64_upper,typed_aggregate_extension,audit_record_every_reliability_cell;VALUE_only_if_I_R3=1_and_I_complete=1;NOT_REACHED_if_I_R3=0_or_I_complete=0,2bit:VALUE|INAPPLICABLE|SCIENTIFIC_UNDEFINED|NOT_REACHED;non-VALUE payload=canonical_zero;NaN_prohibited_as_state,persist,one_stateful_field_per_reliability_candidate,I_R3=0=>state_NOT_REACHED_trials=0_no_interval;I_R3=1_and_I_complete=0=>state_NOT_REACHED_trials=0_no_interval_completion_or_integrity_failure;I_R3=1_and_I_complete=1=>x=sum_j I(event_bit9=false);N=R=120000;nonvalue_or_not_reached_is_failure;CP_two_sided_alpha=0.05,I_complete=1_iff_completion_bitmap_has_all_R_bits_and_exactly_one_integrity_valid_canonical_record_per_outer_identity;I_R3_static_failure_marks_aggregate_NOT_REACHED_and_family_static_failure;I_complete=0_always_marks_aggregate_NOT_REACHED_without_imputation_or_partial_denominator;integrity_schema_or_unequal_duplicate_mismatch_is_conclusive_family_FAIL_and_failed_inventory_member;absence_or_incomplete_records_without_conclusive_mismatch_is_infrastructure_missing_and_family_INCOMPLETE_unless_another_FAIL_dominates;scientific_failure_inside_a_complete_R_run_remains_in_fixed_R_denominator,freeze_candidate
rel.aggregate.failure_missing_arm_span,cell_aggregate_event,reliability,event_registry,U64_trials+U64_successes+F64_estimate+ENUM8_interval+F64_alpha+F64_lower+F64_upper,typed_aggregate_extension,audit_record_every_reliability_cell;VALUE_only_if_I_R3=1_and_I_complete=1;NOT_REACHED_if_I_R3=0_or_I_complete=0,2bit:VALUE|INAPPLICABLE|SCIENTIFIC_UNDEFINED|NOT_REACHED;non-VALUE payload=canonical_zero;NaN_prohibited_as_state,persist,one_stateful_field_per_reliability_candidate,I_R3=0=>state_NOT_REACHED_trials=0_no_interval;I_R3=1_and_I_complete=0=>state_NOT_REACHED_trials=0_no_interval_completion_or_integrity_failure;I_R3=1_and_I_complete=1=>x=sum_j I(event_bit10=false);N=R=120000;nonvalue_or_not_reached_is_failure;CP_two_sided_alpha=0.05,I_complete=1_iff_completion_bitmap_has_all_R_bits_and_exactly_one_integrity_valid_canonical_record_per_outer_identity;I_R3_static_failure_marks_aggregate_NOT_REACHED_and_family_static_failure;I_complete=0_always_marks_aggregate_NOT_REACHED_without_imputation_or_partial_denominator;integrity_schema_or_unequal_duplicate_mismatch_is_conclusive_family_FAIL_and_failed_inventory_member;absence_or_incomplete_records_without_conclusive_mismatch_is_infrastructure_missing_and_family_INCOMPLETE_unless_another_FAIL_dominates;scientific_failure_inside_a_complete_R_run_remains_in_fixed_R_denominator,freeze_candidate
rel.aggregate.false_promotion,cell_aggregate_event,reliability,event_registry,U64_trials+U64_successes+F64_estimate+ENUM8_interval+F64_alpha+F64_lower+F64_upper,typed_aggregate_extension,audit_record_every_reliability_cell;VALUE_only_if_final_truth_resolved_null_or_boundary_and_I_R3=1_and_I_complete=1;NOT_REACHED_if_truth_unavailable_or_resolved_null_or_boundary_and_(I_R3=0_or_I_complete=0);INAPPLICABLE_only_if_resolved_strict_alternative,2bit:VALUE|INAPPLICABLE|SCIENTIFIC_UNDEFINED|NOT_REACHED;non-VALUE payload=canonical_zero;NaN_prohibited_as_state,persist,one_stateful_field_per_reliability_candidate,final_truth_classification_unavailable=>state_NOT_REACHED_trials=0_no_interval;final_truth_resolved_strict_alternative=>state_INAPPLICABLE;final_truth_resolved_null_or_boundary_and_I_R3=0=>state_NOT_REACHED_trials=0_no_interval;final_truth_resolved_null_or_boundary_and_I_R3=1_and_I_complete=0=>state_NOT_REACHED_trials=0_no_interval;final_truth_resolved_null_or_boundary_and_I_R3=1_and_I_complete=1=>x=sum_j I(event_bit11=true);N=R=120000;applicable_if_final_truth_alpha<=0.67_or_macro<=0.80_or_any_required_positive<=0.70;CP_one_sided_upper_alpha=0.05;accept_upper<=0.055,I_complete=1_iff_completion_bitmap_has_all_R_bits_and_exactly_one_integrity_valid_canonical_record_per_outer_identity;I_R3_static_failure_marks_aggregate_NOT_REACHED_and_family_static_failure;I_complete=0_always_marks_aggregate_NOT_REACHED_without_imputation_or_partial_denominator;integrity_schema_or_unequal_duplicate_mismatch_is_conclusive_family_FAIL_and_failed_inventory_member;absence_or_incomplete_records_without_conclusive_mismatch_is_infrastructure_missing_and_family_INCOMPLETE_unless_another_FAIL_dominates;scientific_failure_inside_a_complete_R_run_remains_in_fixed_R_denominator,freeze_candidate
rel.aggregate.planning_power,cell_aggregate_event,reliability,event_registry,U64_trials+U64_successes+F64_estimate+ENUM8_interval+F64_alpha+F64_lower+F64_upper,typed_aggregate_extension,audit_record_every_reliability_cell;VALUE_only_if_manifest_planning_member_and_I_R3=1_and_I_complete=1;NOT_REACHED_if_planning_member_and_(I_R3=0_or_I_complete=0);INAPPLICABLE_if_nonmember,2bit:VALUE|INAPPLICABLE|SCIENTIFIC_UNDEFINED|NOT_REACHED;non-VALUE payload=canonical_zero;NaN_prohibited_as_state,persist,one_stateful_field_per_reliability_candidate,manifest_planning_membership=0=>state_INAPPLICABLE;manifest_planning_membership=1_and_I_R3=0=>state_NOT_REACHED_trials=0_no_interval;manifest_planning_membership=1_and_I_R3=1_and_I_complete=0=>state_NOT_REACHED_trials=0_no_interval_completion_or_integrity_failure;manifest_planning_membership=1_and_I_R3=1_and_I_complete=1=>x=sum_j I(event_bit11=true);N=R=120000;applicable_if_planning_family_and_all_final_truths_above_gate_thresholds;CP_one_sided_lower_alpha=0.05/4416;family_accept_sum_axis(1-min_lower)<=0.10,I_complete=1_iff_completion_bitmap_has_all_R_bits_and_exactly_one_integrity_valid_canonical_record_per_outer_identity;I_R3_static_failure_marks_aggregate_NOT_REACHED_and_family_static_failure;I_complete=0_always_marks_aggregate_NOT_REACHED_without_imputation_or_partial_denominator;integrity_schema_or_unequal_duplicate_mismatch_is_conclusive_family_FAIL_and_failed_inventory_member;absence_or_incomplete_records_without_conclusive_mismatch_is_infrastructure_missing_and_family_INCOMPLETE_unless_another_FAIL_dominates;scientific_failure_inside_a_complete_R_run_remains_in_fixed_R_denominator,freeze_candidate
rel.aggregate.undefined_bootstrap_fraction,cell_aggregate_descriptive,reliability,aggregate_extension,U64_sum+U64_fixed_denominator+F64_fraction,typed_aggregate_extension,audit_record_every_reliability_cell;VALUE_only_if_I_R3=1_and_I_complete=1;NOT_REACHED_if_I_R3=0_or_I_complete=0,2bit:VALUE|INAPPLICABLE|SCIENTIFIC_UNDEFINED|NOT_REACHED;non-VALUE payload=canonical_zero;NaN_prohibited_as_state,persist,one_per_reliability_cell,I_R3=1_and_I_complete=1=>sum_undefined/(R*B);I_R3=0_or_I_complete=0=>state_NOT_REACHED_denominator=0_no_fraction;no_binomial_interval,descriptive_only;I_R3_static_failure_or_infrastructure_incompletion_is_not_a_zero_undefined_fraction,freeze_candidate
rel.family.candidate_count,family_aggregate,reliability,family_extension,U32,typed_family_extension,VALUE_after_manifest_identity_verification;independent_of_execution_outcomes,2bit:VALUE|INAPPLICABLE|SCIENTIFIC_UNDEFINED|NOT_REACHED;non-VALUE payload=canonical_zero;NaN_prohibited_as_state,persist,one_reliability_family_record,exactly_10847_manifest_candidates,outer_scientific_nonestimability_is_retained_inside_fixed_R_event_counts_not_automatic_family_incompletion;deterministic_precedence_is_conclusive_FAIL_over_INCOMPLETE_over_PASS,freeze_candidate
rel.family.coverage_check_count,family_aggregate,reliability,family_extension,U32,typed_family_extension,VALUE_as_required_manifest_count_10847;resolved_and_missing_outcomes_are_separately_inventoried,2bit:VALUE|INAPPLICABLE|SCIENTIFIC_UNDEFINED|NOT_REACHED;non-VALUE payload=canonical_zero;NaN_prohibited_as_state,persist,one_reliability_family_record,all_10847_candidate_coverage_or_static_failure_outcomes,outer_scientific_nonestimability_is_retained_inside_fixed_R_event_counts_not_automatic_family_incompletion;deterministic_precedence_is_conclusive_FAIL_over_INCOMPLETE_over_PASS,freeze_candidate
rel.family.false_promotion_check_count,family_aggregate,reliability,family_extension,U32,typed_family_extension,VALUE_only_if_every_final_truth_classification_is_resolved;NOT_REACHED_if_any_required_classification_is_unavailable;never_count_a_survivor_subset,2bit:VALUE|INAPPLICABLE|SCIENTIFIC_UNDEFINED|NOT_REACHED;non-VALUE payload=canonical_zero;NaN_prohibited_as_state,persist,one_reliability_family_record,all_final_truth_classified_null_or_boundary_members_including_exact_threshold_equality,outer_scientific_nonestimability_is_retained_inside_fixed_R_event_counts_not_automatic_family_incompletion;deterministic_precedence_is_conclusive_FAIL_over_INCOMPLETE_over_PASS,freeze_candidate
rel.family.planning_power_check_count,family_aggregate,reliability,family_extension,U32,typed_family_extension,VALUE_as_required_manifest_count_4416;static_failure_records_do_not_delete_members,2bit:VALUE|INAPPLICABLE|SCIENTIFIC_UNDEFINED|NOT_REACHED;non-VALUE payload=canonical_zero;NaN_prohibited_as_state,persist,one_reliability_family_record,all_4416_manifest_planning_members_or_static_failure_records,outer_scientific_nonestimability_is_retained_inside_fixed_R_event_counts_not_automatic_family_incompletion;deterministic_precedence_is_conclusive_FAIL_over_INCOMPLETE_over_PASS,freeze_candidate
rel.family.axis_minimum,family_aggregate,reliability,family_extension,F64[15],typed_family_extension,VALUE_only_if_all_4416_planning_lower_limits_are_VALUE;otherwise_NOT_REACHED;never_minimize_over_survivors,2bit:VALUE|INAPPLICABLE|SCIENTIFIC_UNDEFINED|NOT_REACHED;non-VALUE payload=canonical_zero;NaN_prohibited_as_state,persist,one_reliability_family_record,fifteen_axis_minima,outer_scientific_nonestimability_is_retained_inside_fixed_R_event_counts_not_automatic_family_incompletion;deterministic_precedence_is_conclusive_FAIL_over_INCOMPLETE_over_PASS,freeze_candidate
rel.family.axis_argmin,family_aggregate,reliability,family_extension,U32[15],typed_family_extension,same_reachability_as_axis_minimum;canonical_tie_break_only_after_all_4416_values_exist,2bit:VALUE|INAPPLICABLE|SCIENTIFIC_UNDEFINED|NOT_REACHED;non-VALUE payload=canonical_zero;NaN_prohibited_as_state,persist,one_reliability_family_record,canonical_cell_indices,outer_scientific_nonestimability_is_retained_inside_fixed_R_event_counts_not_automatic_family_incompletion;deterministic_precedence_is_conclusive_FAIL_over_INCOMPLETE_over_PASS,freeze_candidate
rel.family.union_failure_sum,family_aggregate,reliability,family_extension,F64,typed_family_extension,VALUE_only_if_all_15_axis_minima_are_VALUE;otherwise_NOT_REACHED,2bit:VALUE|INAPPLICABLE|SCIENTIFIC_UNDEFINED|NOT_REACHED;non-VALUE payload=canonical_zero;NaN_prohibited_as_state,persist,one_reliability_family_record,sum_g(1-L_g_min),outer_scientific_nonestimability_is_retained_inside_fixed_R_event_counts_not_automatic_family_incompletion;deterministic_precedence_is_conclusive_FAIL_over_INCOMPLETE_over_PASS,freeze_candidate
rel.family.complete_member_count,family_aggregate,reliability,family_extension,U32,typed_family_extension,VALUE_after_family_audit_closure_even_when_less_than_10847,2bit:VALUE|INAPPLICABLE|SCIENTIFIC_UNDEFINED|NOT_REACHED;non-VALUE payload=canonical_zero;NaN_prohibited_as_state,persist,one_reliability_family_record,candidates_with_static_pass_and_exact_R_outer_accounting_complete,outer_scientific_nonestimability_is_retained_inside_fixed_R_event_counts_not_automatic_family_incompletion;deterministic_precedence_is_conclusive_FAIL_over_INCOMPLETE_over_PASS,freeze_candidate
rel.family.failed_member_inventory,family_aggregate,reliability,family_extension,U32[],typed_family_extension,VALUE_after_family_audit_closure;contains_only_conclusive_schema_integrity_static_or_required_criterion_failures,2bit:VALUE|INAPPLICABLE|SCIENTIFIC_UNDEFINED|NOT_REACHED;non-VALUE payload=canonical_zero;NaN_prohibited_as_state,persist,one_reliability_family_record,unique_canonical_cell_indices_for_conclusive_schema_integrity_static_or_failed_required_coverage_applicable_false_promotion_or_planning_criterion,outer_scientific_nonestimability_is_retained_inside_fixed_R_event_counts_not_automatic_family_incompletion;deterministic_precedence_is_conclusive_FAIL_over_INCOMPLETE_over_PASS,freeze_candidate
rel.family.infrastructure_missing_member_inventory,family_aggregate,reliability,family_extension,U32[],typed_family_extension,VALUE_after_family_audit_closure;contains_only_no_conclusive_failure_candidates_with_infrastructure_missingness_and_is_disjoint_from_failed_member_inventory,2bit:VALUE|INAPPLICABLE|SCIENTIFIC_UNDEFINED|NOT_REACHED;non-VALUE payload=canonical_zero;NaN_prohibited_as_state,persist,one_reliability_family_record,unique_candidates_with_no_conclusive_failure_but_infrastructure_incomplete_or_missing_required_records;disjoint_from_failed_inventory,outer_scientific_nonestimability_is_retained_inside_fixed_R_event_counts_not_automatic_family_incompletion;deterministic_precedence_is_conclusive_FAIL_over_INCOMPLETE_over_PASS,freeze_candidate
rel.family.family_decision,family_aggregate,reliability,family_extension,ENUM8,typed_family_extension,VALUE_after_family_audit_closure_with_ENUM_PASS_FAIL_or_INCOMPLETE;never_NOT_REACHED_once_closure_is_evaluated,2bit:VALUE|INAPPLICABLE|SCIENTIFIC_UNDEFINED|NOT_REACHED;non-VALUE payload=canonical_zero;NaN_prohibited_as_state,persist,one_reliability_family_record,PASS_iff_common_cp95_half_width_pass=true_and_all_10847_static_preconditions_and_R_outer_accounting_complete_and_all_10847_coverage_checks_pass_and_every_applicable_false_promotion_check_passes_and_all_4416_planning_members_present_and_sum_15_axis_failure_minima<=0.10;precedence_FAIL_if_common_cp95_half_width_pass=false_or_any_conclusive_static_or_scientific_criterion_failure_even_with_other_infrastructure_missingness_else_INCOMPLETE_if_common_conformance_missing_or_any_infrastructure_missingness_else_PASS,outer_scientific_nonestimability_is_retained_inside_fixed_R_event_counts_not_automatic_family_incompletion;deterministic_precedence_is_conclusive_FAIL_over_INCOMPLETE_over_PASS,freeze_candidate
mv.cell.admissible_mean_lower,cell_static_extension,mv1,extension,F64[2],17_including_16_payload+1_element_state_mask;record_framing_unresolved,two_polarities;numerical_domain_endpoint_rule_owner_blocked,2bit:VALUE|INAPPLICABLE|SCIENTIFIC_UNDEFINED|NOT_REACHED;non-VALUE_payload=canonical_zero;NaN_prohibited_as_state;one_independent_2bit_state_per_polarity_in_present_absent_order;NOT_REACHED_until_the_open_admissible_domain_endpoint_or_interior_margin_rule_is_owner_frozen_or_if_that_polarity_stage_is_not_entered;VALUE_if_the_approved_bound_is_finitely_determined;SCIENTIFIC_UNDEFINED_if_attempted_bound_is_invalid_or_nonfinite,persist,finite_but_unresolved_static_extension,calibration_identity_or_outer_eligibility,calibration_failure_stops_outer_stage,owner_blocked
mv.cell.admissible_mean_upper,cell_static_extension,mv1,extension,F64[2],17_including_16_payload+1_element_state_mask;record_framing_unresolved,two_polarities;numerical_domain_endpoint_rule_owner_blocked,2bit:VALUE|INAPPLICABLE|SCIENTIFIC_UNDEFINED|NOT_REACHED;non-VALUE_payload=canonical_zero;NaN_prohibited_as_state;one_independent_2bit_state_per_polarity_in_present_absent_order;NOT_REACHED_until_the_open_admissible_domain_endpoint_or_interior_margin_rule_is_owner_frozen_or_if_that_polarity_stage_is_not_entered;VALUE_if_the_approved_bound_is_finitely_determined;SCIENTIFIC_UNDEFINED_if_attempted_bound_is_invalid_or_nonfinite,persist,finite_but_unresolved_static_extension,calibration_identity_or_outer_eligibility,calibration_failure_stops_outer_stage,owner_blocked
mv.cell.positive_beta_shape_bound,cell_static_extension,mv1,extension,F64[2],17_including_16_payload+1_element_state_mask;record_framing_unresolved,beta_candidates_only;positive_shape_margin_rule_owner_blocked,2bit:VALUE|INAPPLICABLE|SCIENTIFIC_UNDEFINED|NOT_REACHED;non-VALUE_payload=canonical_zero;NaN_prohibited_as_state;one_independent_2bit_state_per_polarity_in_present_absent_order;INAPPLICABLE_for_two_point_candidate;for_beta_candidate_NOT_REACHED_until_a_strictly_positive_shape_margin_rule_is_owner_frozen_or_if_that_polarity_stage_is_not_entered;VALUE_if_the_approved_bound_is_finite_and_positive;SCIENTIFIC_UNDEFINED_if_attempted_but_invalid_or_nonfinite,persist,finite_but_unresolved_static_extension,calibration_identity_or_outer_eligibility,calibration_failure_stops_outer_stage,owner_blocked
mv.cell.calibration_trace_digest,cell_static_extension,mv1,extension,BYTES32[2],65_including_64_payload+1_element_state_mask;record_framing_unresolved,trace_depth_owner_blocked,2bit:VALUE|INAPPLICABLE|SCIENTIFIC_UNDEFINED|NOT_REACHED;non-VALUE_payload=canonical_zero;NaN_prohibited_as_state;one_independent_2bit_state_per_polarity_in_present_absent_order;VALUE_only_after_that_attempted_polarity_has_one_owner_frozen_canonical_whole_trace_transcript_and_digest;NOT_REACHED_if_polarity_not_entered_or_trace_domain_not_frozen;never_substitute_zero_digest,persist,finite_but_unresolved_static_extension,calibration_identity_or_outer_eligibility,calibration_failure_stops_outer_stage,owner_blocked
mv.cell.monotonicity_max_decrease,cell_static_extension,mv1,extension,F64[2],17_including_16_payload+1_element_state_mask;record_framing_unresolved,two_polarities;numerical_domain_and_inner_alpha_solution_rules_owner_blocked,2bit:VALUE|INAPPLICABLE|SCIENTIFIC_UNDEFINED|NOT_REACHED;non-VALUE_payload=canonical_zero;NaN_prohibited_as_state;one_independent_2bit_state_per_polarity_in_present_absent_order;NOT_REACHED_until_the_numerical_domain_and_inner_alpha_solution_rules_are_owner_frozen_or_if_the_scan_does_not_complete;VALUE_if_that_polarity_full_scan_completes_with_finite_fixed_order_diagnostic_even_when_tolerance_fails;SCIENTIFIC_UNDEFINED_if_reached_output_is_invalid_or_nonfinite;max_decrease_is_raw_D=max_i(q_i-q_i_plus_1)_without_zero_clamping;argmax_is_zero_based_preceding_scan_point_index_i_in_0_to_999_and_smallest_i_breaks_ties_even_when_all_differences_are_nonpositive,persist,finite_but_unresolved_static_extension,calibration_identity_or_outer_eligibility,calibration_failure_stops_outer_stage,owner_blocked
mv.cell.monotonicity_argmax,cell_static_extension,mv1,extension,U32[2],9_including_8_payload+1_element_state_mask;record_framing_unresolved,two_polarities;numerical_domain_and_inner_alpha_solution_rules_owner_blocked,2bit:VALUE|INAPPLICABLE|SCIENTIFIC_UNDEFINED|NOT_REACHED;non-VALUE_payload=canonical_zero;NaN_prohibited_as_state;one_independent_2bit_state_per_polarity_in_present_absent_order;NOT_REACHED_until_the_numerical_domain_and_inner_alpha_solution_rules_are_owner_frozen_or_if_the_scan_does_not_complete;VALUE_if_that_polarity_full_scan_completes_with_finite_fixed_order_diagnostic_even_when_tolerance_fails;SCIENTIFIC_UNDEFINED_if_reached_output_is_invalid_or_nonfinite;max_decrease_is_raw_D=max_i(q_i-q_i_plus_1)_without_zero_clamping;argmax_is_zero_based_preceding_scan_point_index_i_in_0_to_999_and_smallest_i_breaks_ties_even_when_all_differences_are_nonpositive,persist,finite_but_unresolved_static_extension,calibration_identity_or_outer_eligibility,calibration_failure_stops_outer_stage,owner_blocked
mv.cell.mu_y,cell_static_extension,mv1,extension,F64[2],17_including_16_payload+1_element_state_mask;record_framing_unresolved,two_polarities;inner_alpha_and_final_outer_solution_selection_rules_owner_blocked,2bit:VALUE|INAPPLICABLE|SCIENTIFIC_UNDEFINED|NOT_REACHED;non-VALUE_payload=canonical_zero;NaN_prohibited_as_state;one_independent_2bit_state_per_polarity_in_present_absent_order;NOT_REACHED_until_the_inner_alpha_and_post_80_outer_midpoint_final_candidate_selection_rules_are_owner_frozen_or_if_the_solve_is_not_reached;VALUE_if_the_selected_cached_mu_and_paired_inner_solve_alpha_are_finite_even_when_later_validation_fails;SCIENTIFIC_UNDEFINED_if_selection_is_attempted_without_a_finite_pair,persist,finite_but_unresolved_static_extension,calibration_identity_or_outer_eligibility,calibration_failure_stops_outer_stage,owner_blocked
mv.cell.alpha_y,cell_static_extension,mv1,extension,F64[2],17_including_16_payload+1_element_state_mask;record_framing_unresolved,two_polarities;inner_alpha_and_final_outer_solution_selection_rules_owner_blocked,2bit:VALUE|INAPPLICABLE|SCIENTIFIC_UNDEFINED|NOT_REACHED;non-VALUE_payload=canonical_zero;NaN_prohibited_as_state;one_independent_2bit_state_per_polarity_in_present_absent_order;NOT_REACHED_until_the_inner_alpha_and_post_80_outer_midpoint_final_candidate_selection_rules_are_owner_frozen_or_if_the_solve_is_not_reached;VALUE_if_the_selected_cached_mu_and_paired_inner_solve_alpha_are_finite_even_when_later_validation_fails;SCIENTIFIC_UNDEFINED_if_selection_is_attempted_without_a_finite_pair,persist,finite_but_unresolved_static_extension,calibration_identity_or_outer_eligibility,calibration_failure_stops_outer_stage,owner_blocked
mv.cell.beta_shape_parameters,cell_static_extension,mv1,extension,F64[4],33_including_32_payload+1_element_state_mask;record_framing_unresolved,beta_candidates_only;inner_alpha_and_final_outer_solution_selection_rules_owner_blocked,"2bit:VALUE|INAPPLICABLE|SCIENTIFIC_UNDEFINED|NOT_REACHED;non-VALUE_payload=canonical_zero;NaN_prohibited_as_state;one_independent_2bit_state_per_element_in_present_alpha,present_beta,absent_alpha,absent_beta_order;INAPPLICABLE_for_two_point_candidate;within_each_beta_polarity_both_shape_elements_are_NOT_REACHED_until_the_inner_alpha_and_final_outer_solution_selection_rules_are_owner_frozen_or_if_the_solve_is_not_reached;VALUE_if_constructed_finite_and_strictly_positive;SCIENTIFIC_UNDEFINED_if_attempted_but_invalid_or_nonfinite",persist,finite_but_unresolved_static_extension,calibration_identity_or_outer_eligibility,calibration_failure_stops_outer_stage,owner_blocked
mv.cell.two_point_mixing_probability,cell_static_extension,mv1,extension,F64[2],17_including_16_payload+1_element_state_mask;record_framing_unresolved,two_point_candidates_only;inner_alpha_and_final_outer_solution_selection_rules_owner_blocked,2bit:VALUE|INAPPLICABLE|SCIENTIFIC_UNDEFINED|NOT_REACHED;non-VALUE_payload=canonical_zero;NaN_prohibited_as_state;one_independent_2bit_state_per_polarity_in_present_absent_order;INAPPLICABLE_for_beta_candidate;for_two_point_candidate_NOT_REACHED_until_the_inner_alpha_and_final_outer_solution_selection_rules_are_owner_frozen_or_if_the_solve_is_not_reached;VALUE_if_constructed_finite_and_in_unit_interval;SCIENTIFIC_UNDEFINED_if_attempted_but_invalid_or_nonfinite,persist,finite_but_unresolved_static_extension,calibration_identity_or_outer_eligibility,calibration_failure_stops_outer_stage,owner_blocked
mv.cell.candidate_yield_q_residuals,cell_static_extension,mv1,extension,F64[4],33_including_32_payload+1_element_state_mask;record_framing_unresolved,"order=present_yield,present_q,absent_yield,absent_q;inner_alpha_and_final_outer_solution_selection_rules_owner_blocked","2bit:VALUE|INAPPLICABLE|SCIENTIFIC_UNDEFINED|NOT_REACHED;non-VALUE_payload=canonical_zero;NaN_prohibited_as_state;one_independent_2bit_state_per_element_in_present_yield,present_q,absent_yield,absent_q_order;signed_yield_residual=estimated_P(E=1_given_Y)-rho_Y;signed_q_residual=estimated_E(q_observed_given_E=1,Y)-q_Y_target;each_selected_polarity_pair_is_VALUE_if_evaluated_finite_even_when_tolerance_fails;SCIENTIFIC_UNDEFINED_per_evaluated_nonfinite_element;NOT_REACHED_until_the_inner_alpha_and_final_outer_solution_selection_rules_are_owner_frozen_or_if_that_polarity_candidate_solution_or_residual_stage_is_not_reached",persist,finite_but_unresolved_static_extension,calibration_identity_or_outer_eligibility,calibration_failure_stops_outer_stage,owner_blocked
mv.cell.validation_yield_q_residuals,cell_static_extension,mv1,extension,F64[4],33_including_32_payload+1_element_state_mask;record_framing_unresolved,"order=present_yield,present_q,absent_yield,absent_q;inner_alpha_and_final_outer_solution_selection_rules_owner_blocked","2bit:VALUE|INAPPLICABLE|SCIENTIFIC_UNDEFINED|NOT_REACHED;non-VALUE_payload=canonical_zero;NaN_prohibited_as_state;one_independent_2bit_state_per_element_in_present_yield,present_q,absent_yield,absent_q_order;signed_yield_residual=validation_estimated_P(E=1_given_Y)-rho_Y;signed_q_residual=validation_estimated_E(q_observed_given_E=1,Y)-q_Y_target;each_polarity_pair_is_VALUE_if_validation_evaluates_finite_even_when_either_absolute_residual_exceeds_0.0005;SCIENTIFIC_UNDEFINED_per_evaluated_nonfinite_element;NOT_REACHED_until_the_inner_alpha_and_final_outer_solution_selection_rules_are_owner_frozen_or_if_that_polarity_validation_stage_is_not_entered",persist,finite_but_unresolved_static_extension,calibration_identity_or_outer_eligibility,calibration_failure_stops_outer_stage,owner_blocked
mv.cell.calibration_bracket_state,cell_static_extension,mv1,extension,ENUM8[2],3_including_2_payload+1_element_state_mask;record_framing_unresolved,two_polarities;inner_and_outer_bracket_predicate_and_midpoint_equality_rules_owner_blocked,2bit:VALUE|INAPPLICABLE|SCIENTIFIC_UNDEFINED|NOT_REACHED;non-VALUE_payload=canonical_zero;NaN_prohibited_as_state;one_independent_2bit_state_per_polarity_in_present_absent_order;NOT_REACHED_until_inner_and_outer_bracket_predicates_and_midpoint_zero_equality_updates_are_owner_frozen_or_if_that_polarity_is_not_entered_or_no_conclusive_scientific_bracket_result_commits;VALUE_ENUM_pass_iff_every_required_reached_inner_alpha_bracket_and_the_outer_q_bracket_pass_else_fail_on_the_first_reached_required_bracket_failure;later_nonbracket_failure_does_not_erase_the_bracket_result;never_erase_first_polarity_when_second_is_not_reached,persist,finite_but_unresolved_static_extension,calibration_identity_or_outer_eligibility,calibration_failure_stops_outer_stage,owner_blocked
mv.cell.validation_digest,cell_static_extension,mv1,extension,BYTES32[2],65_including_64_payload+1_element_state_mask;record_framing_unresolved,validation_digest_domain_and_encoding_owner_blocked,2bit:VALUE|INAPPLICABLE|SCIENTIFIC_UNDEFINED|NOT_REACHED;non-VALUE_payload=canonical_zero;NaN_prohibited_as_state;one_independent_2bit_state_per_polarity_in_present_absent_order;VALUE_only_after_that_polarity_validation_runs_and_one_owner_frozen_canonical_validation_transcript_is_digested;NOT_REACHED_if_validation_not_entered_or_digest_domain_not_frozen;never_substitute_zero_digest,persist,finite_but_unresolved_static_extension,calibration_identity_or_outer_eligibility,calibration_failure_stops_outer_stage,owner_blocked
mv.cell.calibration_status,cell_static_extension,mv1,extension,ENUM16,3_including_2_payload+1_element_state_mask;record_framing_unresolved,every_mv_candidate,2bit:VALUE|INAPPLICABLE|SCIENTIFIC_UNDEFINED|NOT_REACHED;non-VALUE_payload=canonical_zero;NaN_prohibited_as_state;one_scalar_2bit_state;VALUE_ENUM_after_cell_calibration_audit_including_pass_first_failure_or_infrastructure_incomplete;component_states_remain_independent,persist,finite_but_unresolved_static_extension,calibration_identity_or_outer_eligibility,calibration_failure_stops_outer_stage,freeze_candidate
mv.cell.truth_bal_present_absent,cell_static_extension,mv1,extension,F64[3],25_including_24_payload+1_element_state_mask;record_framing_unresolved,truth_definition_owner_blocked,"2bit:VALUE|INAPPLICABLE|SCIENTIFIC_UNDEFINED|NOT_REACHED;non-VALUE_payload=canonical_zero;NaN_prohibited_as_state;one_independent_2bit_state_per_element_in_balanced,present,absent_order;NOT_REACHED_until_truth_definition_is_owner_frozen;under_target_truth_choice_each_finite_manifest_target_is_VALUE_after_identity_even_if_calibration_or_validation_fails;under_validated_truth_choice_each_component_is_NOT_REACHED_if_its_required_validation_is_not_reached;VALUE_if_selected_finite;SCIENTIFIC_UNDEFINED_if_selected_invalid_or_nonfinite;one_component_failure_does_not_erase_the_others",persist,finite_but_unresolved_static_extension,calibration_identity_or_outer_eligibility,calibration_failure_stops_outer_stage,owner_blocked
mv.cell.assignment_digest,cell_static_extension,mv1,extension,BYTES32,33_including_32_payload+1_element_state_mask;record_framing_unresolved,abstract_assignment_payload_owner_blocked,2bit:VALUE|INAPPLICABLE|SCIENTIFIC_UNDEFINED|NOT_REACHED;non-VALUE_payload=canonical_zero;NaN_prohibited_as_state;one_scalar_2bit_state;VALUE_only_after_owner_frozen_assignment_payload_is_canonically_encoded_and_digested;NOT_REACHED_while_owner_blocked;never_substitute_zero_digest,persist,finite_but_unresolved_static_extension,calibration_identity_or_outer_eligibility,calibration_failure_stops_outer_stage,owner_blocked
mv.cell.outer_eligibility,cell_static_extension,mv1,extension,ENUM8,2_including_1_payload+1_element_state_mask;record_framing_unresolved,after_calibration,2bit:VALUE|INAPPLICABLE|SCIENTIFIC_UNDEFINED|NOT_REACHED;non-VALUE_payload=canonical_zero;NaN_prohibited_as_state;one_scalar_2bit_state;VALUE_ENUM_eligible_not_eligible_or_infrastructure_incomplete_after_calibration_audit;never_inferred_from_surviving_outputs,persist,finite_but_unresolved_static_extension,calibration_identity_or_outer_eligibility,calibration_failure_stops_outer_stage,freeze_candidate
mv.cell.calibration_control_counts_present,cell_static_extension,mv1,extension,"PACKED40{U32_scan_points,U32_alpha_solves,U32_alpha_bracket_checks,U32_alpha_midpoint_controls,U32_residual_evaluations,U64_candidate_vector_evaluations,U8_outer_q_bracket_checks,U16_outer_midpoints,U32_monotonicity_comparisons,U32_validation_vector_evaluations,U8_validation_passes}",41_including_40_payload+1_field_state_mask;record_framing_unresolved,present_polarity_canonical_committed_calibration_path;VALUE_for_committed_scientific_pass_or_conclusive_scientific_calibration_failure;NOT_REACHED_if_no_committed_result_due_to_infrastructure_interruption_or_exhaustion,2bit:VALUE|INAPPLICABLE|SCIENTIFIC_UNDEFINED|NOT_REACHED;non-VALUE_payload=canonical_zero;NaN_prohibited_as_state;one_scalar_2bit_state_for_the_complete_polarity_control_record;VALUE_only_for_the_deterministic_committed_scientific_path_even_if_a_later_scientific_stage_fails;NOT_REACHED_if_polarity_not_entered_or_no_committed_result_exists;discarded_retry_partial_counts_never_enter_this_field,persist,one_per_mv_candidate,ordered_realized_counts;counts_include_zero_after_stage_entry;candidate_and_validation_vectors_separate;no_count_inferred_from_successful_path_upper_bound;counts_exclude_discarded_or_interrupted_execution_attempts_and_are_retry_schedule_invariant,persist_deterministic_counts_on_committed_scientific_calibration_failure;infrastructure_attempt_work_lives_only_in_execution_sidecar_and_resource_ledger;calibration_failure_stops_outer_stage,freeze_candidate
mv.cell.calibration_control_counts_absent,cell_static_extension,mv1,extension,"PACKED40{U32_scan_points,U32_alpha_solves,U32_alpha_bracket_checks,U32_alpha_midpoint_controls,U32_residual_evaluations,U64_candidate_vector_evaluations,U8_outer_q_bracket_checks,U16_outer_midpoints,U32_monotonicity_comparisons,U32_validation_vector_evaluations,U8_validation_passes}",41_including_40_payload+1_field_state_mask;record_framing_unresolved,absent_polarity_canonical_committed_calibration_path;VALUE_for_committed_scientific_pass_or_conclusive_scientific_calibration_failure;NOT_REACHED_if_no_committed_result_due_to_infrastructure_interruption_or_exhaustion,2bit:VALUE|INAPPLICABLE|SCIENTIFIC_UNDEFINED|NOT_REACHED;non-VALUE_payload=canonical_zero;NaN_prohibited_as_state;one_scalar_2bit_state_for_the_complete_polarity_control_record;VALUE_only_for_the_deterministic_committed_scientific_path_even_if_a_later_scientific_stage_fails;NOT_REACHED_if_polarity_not_entered_or_no_committed_result_exists;discarded_retry_partial_counts_never_enter_this_field,persist,one_per_mv_candidate,ordered_realized_counts;counts_include_zero_after_stage_entry;candidate_and_validation_vectors_separate;no_count_inferred_from_successful_path_upper_bound;counts_exclude_discarded_or_interrupted_execution_attempts_and_are_retry_schedule_invariant,persist_deterministic_counts_on_committed_scientific_calibration_failure;infrastructure_attempt_work_lives_only_in_execution_sidecar_and_resource_ledger;calibration_failure_stops_outer_stage,freeze_candidate
mv.outer.n_present,outer_core,mv1,0,U64,8,outer_DGP_reached;count_is_VALUE_even_below_108,2bit:VALUE|INAPPLICABLE|SCIENTIFIC_UNDEFINED|NOT_REACHED;non-VALUE payload=canonical_zero;NaN_prohibited_as_state,persist,sum_mv_cells(M_c);M_c=0_if_not_outer_eligible_and_I_complete_iff_M_c=R_with_no_integrity_mismatch,fixed_bal_present_absent_or_reader_major_order,field_specific_state_transition_and_primary_failure_precedence_apply,freeze_candidate
mv.outer.n_absent,outer_core,mv1,1,U64,8,outer_DGP_reached;count_is_VALUE_even_below_108,2bit:VALUE|INAPPLICABLE|SCIENTIFIC_UNDEFINED|NOT_REACHED;non-VALUE payload=canonical_zero;NaN_prohibited_as_state,persist,sum_mv_cells(M_c);M_c=0_if_not_outer_eligible_and_I_complete_iff_M_c=R_with_no_integrity_mismatch,fixed_bal_present_absent_or_reader_major_order,field_specific_state_transition_and_primary_failure_precedence_apply,freeze_candidate
mv.outer.qhat_bal,outer_core,mv1,2,F64,8,outer_DGP_reached;VALUE_if_both_polarity_means_exist;independent_of_SE,2bit:VALUE|INAPPLICABLE|SCIENTIFIC_UNDEFINED|NOT_REACHED;non-VALUE payload=canonical_zero;NaN_prohibited_as_state,persist,sum_mv_cells(M_c);M_c=0_if_not_outer_eligible_and_I_complete_iff_M_c=R_with_no_integrity_mismatch,fixed_bal_present_absent_or_reader_major_order,field_specific_state_transition_and_primary_failure_precedence_apply,freeze_candidate
mv.outer.qhat_present,outer_core,mv1,3,F64,8,outer_DGP_reached;VALUE_if_n_present>=1;independent_of_SE,2bit:VALUE|INAPPLICABLE|SCIENTIFIC_UNDEFINED|NOT_REACHED;non-VALUE payload=canonical_zero;NaN_prohibited_as_state,persist,sum_mv_cells(M_c);M_c=0_if_not_outer_eligible_and_I_complete_iff_M_c=R_with_no_integrity_mismatch,fixed_bal_present_absent_or_reader_major_order,field_specific_state_transition_and_primary_failure_precedence_apply,freeze_candidate
mv.outer.qhat_absent,outer_core,mv1,4,F64,8,outer_DGP_reached;VALUE_if_n_absent>=1;independent_of_SE,2bit:VALUE|INAPPLICABLE|SCIENTIFIC_UNDEFINED|NOT_REACHED;non-VALUE payload=canonical_zero;NaN_prohibited_as_state,persist,sum_mv_cells(M_c);M_c=0_if_not_outer_eligible_and_I_complete_iff_M_c=R_with_no_integrity_mismatch,fixed_bal_present_absent_or_reader_major_order,field_specific_state_transition_and_primary_failure_precedence_apply,freeze_candidate
mv.outer.se_bal,outer_core,mv1,5,F64,8,qhat_bal_VALUE_and_both_polarity_sample_variances_defined;zero_is_VALUE_but_makes_gate_nonestimable,2bit:VALUE|INAPPLICABLE|SCIENTIFIC_UNDEFINED|NOT_REACHED;non-VALUE payload=canonical_zero;NaN_prohibited_as_state,persist,sum_mv_cells(M_c);M_c=0_if_not_outer_eligible_and_I_complete_iff_M_c=R_with_no_integrity_mismatch,fixed_bal_present_absent_or_reader_major_order,field_specific_state_transition_and_primary_failure_precedence_apply,freeze_candidate
mv.outer.se_present,outer_core,mv1,6,F64,8,qhat_present_VALUE_and_n_present>=2;zero_is_VALUE_but_makes_gate_nonestimable,2bit:VALUE|INAPPLICABLE|SCIENTIFIC_UNDEFINED|NOT_REACHED;non-VALUE payload=canonical_zero;NaN_prohibited_as_state,persist,sum_mv_cells(M_c);M_c=0_if_not_outer_eligible_and_I_complete_iff_M_c=R_with_no_integrity_mismatch,fixed_bal_present_absent_or_reader_major_order,field_specific_state_transition_and_primary_failure_precedence_apply,freeze_candidate
mv.outer.se_absent,outer_core,mv1,7,F64,8,qhat_absent_VALUE_and_n_absent>=2;zero_is_VALUE_but_makes_gate_nonestimable,2bit:VALUE|INAPPLICABLE|SCIENTIFIC_UNDEFINED|NOT_REACHED;non-VALUE payload=canonical_zero;NaN_prohibited_as_state,persist,sum_mv_cells(M_c);M_c=0_if_not_outer_eligible_and_I_complete_iff_M_c=R_with_no_integrity_mismatch,fixed_bal_present_absent_or_reader_major_order,field_specific_state_transition_and_primary_failure_precedence_apply,freeze_candidate
mv.outer.lower_bal,outer_core,mv1,8,F64,8,all_observed_and_9999_resampled_required_SEs_finite_and_positive_and_max_t_critical_VALUE,2bit:VALUE|INAPPLICABLE|SCIENTIFIC_UNDEFINED|NOT_REACHED;non-VALUE payload=canonical_zero;NaN_prohibited_as_state,persist,sum_mv_cells(M_c);M_c=0_if_not_outer_eligible_and_I_complete_iff_M_c=R_with_no_integrity_mismatch,fixed_bal_present_absent_or_reader_major_order,field_specific_state_transition_and_primary_failure_precedence_apply,freeze_candidate
mv.outer.lower_present,outer_core,mv1,9,F64,8,same_complete_max_t_precondition_as_lower_bal,2bit:VALUE|INAPPLICABLE|SCIENTIFIC_UNDEFINED|NOT_REACHED;non-VALUE payload=canonical_zero;NaN_prohibited_as_state,persist,sum_mv_cells(M_c);M_c=0_if_not_outer_eligible_and_I_complete_iff_M_c=R_with_no_integrity_mismatch,fixed_bal_present_absent_or_reader_major_order,field_specific_state_transition_and_primary_failure_precedence_apply,freeze_candidate
mv.outer.lower_absent,outer_core,mv1,10,F64,8,same_complete_max_t_precondition_as_lower_bal,2bit:VALUE|INAPPLICABLE|SCIENTIFIC_UNDEFINED|NOT_REACHED;non-VALUE payload=canonical_zero;NaN_prohibited_as_state,persist,sum_mv_cells(M_c);M_c=0_if_not_outer_eligible_and_I_complete_iff_M_c=R_with_no_integrity_mismatch,fixed_bal_present_absent_or_reader_major_order,field_specific_state_transition_and_primary_failure_precedence_apply,freeze_candidate
mv.outer.truth_bal,outer_core,mv1,11,F64,8,outer_eligible_cell_static_truth;VALUE_independent_of_outer_estimability,2bit:VALUE|INAPPLICABLE|SCIENTIFIC_UNDEFINED|NOT_REACHED;non-VALUE payload=canonical_zero;NaN_prohibited_as_state,persist,sum_mv_cells(M_c);M_c=0_if_not_outer_eligible_and_I_complete_iff_M_c=R_with_no_integrity_mismatch,fixed_bal_present_absent_or_reader_major_order,field_specific_state_transition_and_primary_failure_precedence_apply,freeze_candidate
mv.outer.truth_present,outer_core,mv1,12,F64,8,outer_eligible_cell_static_truth;VALUE_independent_of_outer_estimability,2bit:VALUE|INAPPLICABLE|SCIENTIFIC_UNDEFINED|NOT_REACHED;non-VALUE payload=canonical_zero;NaN_prohibited_as_state,persist,sum_mv_cells(M_c);M_c=0_if_not_outer_eligible_and_I_complete_iff_M_c=R_with_no_integrity_mismatch,fixed_bal_present_absent_or_reader_major_order,field_specific_state_transition_and_primary_failure_precedence_apply,freeze_candidate
mv.outer.truth_absent,outer_core,mv1,13,F64,8,outer_eligible_cell_static_truth;VALUE_independent_of_outer_estimability,2bit:VALUE|INAPPLICABLE|SCIENTIFIC_UNDEFINED|NOT_REACHED;non-VALUE payload=canonical_zero;NaN_prohibited_as_state,persist,sum_mv_cells(M_c);M_c=0_if_not_outer_eligible_and_I_complete_iff_M_c=R_with_no_integrity_mismatch,fixed_bal_present_absent_or_reader_major_order,field_specific_state_transition_and_primary_failure_precedence_apply,freeze_candidate
mv.outer.fe_bal,outer_core,mv1,14,F64,8,outer_DGP_reached;VALUE_if_constrained_FE_fit_full_rank_and_finite,2bit:VALUE|INAPPLICABLE|SCIENTIFIC_UNDEFINED|NOT_REACHED;non-VALUE payload=canonical_zero;NaN_prohibited_as_state,persist,sum_mv_cells(M_c);M_c=0_if_not_outer_eligible_and_I_complete_iff_M_c=R_with_no_integrity_mismatch,fixed_bal_present_absent_or_reader_major_order,field_specific_state_transition_and_primary_failure_precedence_apply,freeze_candidate
mv.outer.fe_present,outer_core,mv1,15,F64,8,outer_DGP_reached;VALUE_if_constrained_FE_fit_full_rank_and_finite,2bit:VALUE|INAPPLICABLE|SCIENTIFIC_UNDEFINED|NOT_REACHED;non-VALUE payload=canonical_zero;NaN_prohibited_as_state,persist,sum_mv_cells(M_c);M_c=0_if_not_outer_eligible_and_I_complete_iff_M_c=R_with_no_integrity_mismatch,fixed_bal_present_absent_or_reader_major_order,field_specific_state_transition_and_primary_failure_precedence_apply,freeze_candidate
mv.outer.fe_absent,outer_core,mv1,16,F64,8,outer_DGP_reached;VALUE_if_constrained_FE_fit_full_rank_and_finite,2bit:VALUE|INAPPLICABLE|SCIENTIFIC_UNDEFINED|NOT_REACHED;non-VALUE payload=canonical_zero;NaN_prohibited_as_state,persist,sum_mv_cells(M_c);M_c=0_if_not_outer_eligible_and_I_complete_iff_M_c=R_with_no_integrity_mismatch,fixed_bal_present_absent_or_reader_major_order,field_specific_state_transition_and_primary_failure_precedence_apply,freeze_candidate
mv.outer.max_t_critical,outer_core,mv1,17,F64,8,all_observed_and_9999_resampled_required_SEs_finite_and_positive;otherwise_SCIENTIFIC_UNDEFINED,2bit:VALUE|INAPPLICABLE|SCIENTIFIC_UNDEFINED|NOT_REACHED;non-VALUE payload=canonical_zero;NaN_prohibited_as_state,persist,sum_mv_cells(M_c);M_c=0_if_not_outer_eligible_and_I_complete_iff_M_c=R_with_no_integrity_mismatch,fixed_bal_present_absent_or_reader_major_order,field_specific_state_transition_and_primary_failure_precedence_apply,freeze_candidate
mv.outer.fe_rank,outer_core,mv1,18,U16,8,outer_DGP_reached;VALUE_even_when_rank_deficient,2bit:VALUE|INAPPLICABLE|SCIENTIFIC_UNDEFINED|NOT_REACHED;non-VALUE payload=canonical_zero;NaN_prohibited_as_state,persist,sum_mv_cells(M_c);M_c=0_if_not_outer_eligible_and_I_complete_iff_M_c=R_with_no_integrity_mismatch,fixed_bal_present_absent_or_reader_major_order,field_specific_state_transition_and_primary_failure_precedence_apply,freeze_candidate
mv.outer.fe_expected_rank,outer_core,mv1,19,U16,8,outer_DGP_reached;fixed_design_expectation,2bit:VALUE|INAPPLICABLE|SCIENTIFIC_UNDEFINED|NOT_REACHED;non-VALUE payload=canonical_zero;NaN_prohibited_as_state,persist,sum_mv_cells(M_c);M_c=0_if_not_outer_eligible_and_I_complete_iff_M_c=R_with_no_integrity_mismatch,fixed_bal_present_absent_or_reader_major_order,field_specific_state_transition_and_primary_failure_precedence_apply,freeze_candidate
mv.outer.loo_reader_00_bal,outer_core,mv1,20,F64,8,outer_DGP_reached;VALUE_if_named_leave_one_reader_component_has_required_polarity_mean;independent_of_max_t_reachability,2bit:VALUE|INAPPLICABLE|SCIENTIFIC_UNDEFINED|NOT_REACHED;non-VALUE payload=canonical_zero;NaN_prohibited_as_state,persist,sum_mv_cells(M_c);M_c=0_if_not_outer_eligible_and_I_complete_iff_M_c=R_with_no_integrity_mismatch,fixed_bal_present_absent_or_reader_major_order,field_specific_state_transition_and_primary_failure_precedence_apply,freeze_candidate
mv.outer.loo_reader_00_present,outer_core,mv1,21,F64,8,outer_DGP_reached;VALUE_if_named_leave_one_reader_component_has_required_polarity_mean;independent_of_max_t_reachability,2bit:VALUE|INAPPLICABLE|SCIENTIFIC_UNDEFINED|NOT_REACHED;non-VALUE payload=canonical_zero;NaN_prohibited_as_state,persist,sum_mv_cells(M_c);M_c=0_if_not_outer_eligible_and_I_complete_iff_M_c=R_with_no_integrity_mismatch,fixed_bal_present_absent_or_reader_major_order,field_specific_state_transition_and_primary_failure_precedence_apply,freeze_candidate
mv.outer.loo_reader_00_absent,outer_core,mv1,22,F64,8,outer_DGP_reached;VALUE_if_named_leave_one_reader_component_has_required_polarity_mean;independent_of_max_t_reachability,2bit:VALUE|INAPPLICABLE|SCIENTIFIC_UNDEFINED|NOT_REACHED;non-VALUE payload=canonical_zero;NaN_prohibited_as_state,persist,sum_mv_cells(M_c);M_c=0_if_not_outer_eligible_and_I_complete_iff_M_c=R_with_no_integrity_mismatch,fixed_bal_present_absent_or_reader_major_order,field_specific_state_transition_and_primary_failure_precedence_apply,freeze_candidate
mv.outer.loo_reader_01_bal,outer_core,mv1,23,F64,8,outer_DGP_reached;VALUE_if_named_leave_one_reader_component_has_required_polarity_mean;independent_of_max_t_reachability,2bit:VALUE|INAPPLICABLE|SCIENTIFIC_UNDEFINED|NOT_REACHED;non-VALUE payload=canonical_zero;NaN_prohibited_as_state,persist,sum_mv_cells(M_c);M_c=0_if_not_outer_eligible_and_I_complete_iff_M_c=R_with_no_integrity_mismatch,fixed_bal_present_absent_or_reader_major_order,field_specific_state_transition_and_primary_failure_precedence_apply,freeze_candidate
mv.outer.loo_reader_01_present,outer_core,mv1,24,F64,8,outer_DGP_reached;VALUE_if_named_leave_one_reader_component_has_required_polarity_mean;independent_of_max_t_reachability,2bit:VALUE|INAPPLICABLE|SCIENTIFIC_UNDEFINED|NOT_REACHED;non-VALUE payload=canonical_zero;NaN_prohibited_as_state,persist,sum_mv_cells(M_c);M_c=0_if_not_outer_eligible_and_I_complete_iff_M_c=R_with_no_integrity_mismatch,fixed_bal_present_absent_or_reader_major_order,field_specific_state_transition_and_primary_failure_precedence_apply,freeze_candidate
mv.outer.loo_reader_01_absent,outer_core,mv1,25,F64,8,outer_DGP_reached;VALUE_if_named_leave_one_reader_component_has_required_polarity_mean;independent_of_max_t_reachability,2bit:VALUE|INAPPLICABLE|SCIENTIFIC_UNDEFINED|NOT_REACHED;non-VALUE payload=canonical_zero;NaN_prohibited_as_state,persist,sum_mv_cells(M_c);M_c=0_if_not_outer_eligible_and_I_complete_iff_M_c=R_with_no_integrity_mismatch,fixed_bal_present_absent_or_reader_major_order,field_specific_state_transition_and_primary_failure_precedence_apply,freeze_candidate
mv.outer.loo_reader_02_bal,outer_core,mv1,26,F64,8,outer_DGP_reached;VALUE_if_named_leave_one_reader_component_has_required_polarity_mean;independent_of_max_t_reachability,2bit:VALUE|INAPPLICABLE|SCIENTIFIC_UNDEFINED|NOT_REACHED;non-VALUE payload=canonical_zero;NaN_prohibited_as_state,persist,sum_mv_cells(M_c);M_c=0_if_not_outer_eligible_and_I_complete_iff_M_c=R_with_no_integrity_mismatch,fixed_bal_present_absent_or_reader_major_order,field_specific_state_transition_and_primary_failure_precedence_apply,freeze_candidate
mv.outer.loo_reader_02_present,outer_core,mv1,27,F64,8,outer_DGP_reached;VALUE_if_named_leave_one_reader_component_has_required_polarity_mean;independent_of_max_t_reachability,2bit:VALUE|INAPPLICABLE|SCIENTIFIC_UNDEFINED|NOT_REACHED;non-VALUE payload=canonical_zero;NaN_prohibited_as_state,persist,sum_mv_cells(M_c);M_c=0_if_not_outer_eligible_and_I_complete_iff_M_c=R_with_no_integrity_mismatch,fixed_bal_present_absent_or_reader_major_order,field_specific_state_transition_and_primary_failure_precedence_apply,freeze_candidate
mv.outer.loo_reader_02_absent,outer_core,mv1,28,F64,8,outer_DGP_reached;VALUE_if_named_leave_one_reader_component_has_required_polarity_mean;independent_of_max_t_reachability,2bit:VALUE|INAPPLICABLE|SCIENTIFIC_UNDEFINED|NOT_REACHED;non-VALUE payload=canonical_zero;NaN_prohibited_as_state,persist,sum_mv_cells(M_c);M_c=0_if_not_outer_eligible_and_I_complete_iff_M_c=R_with_no_integrity_mismatch,fixed_bal_present_absent_or_reader_major_order,field_specific_state_transition_and_primary_failure_precedence_apply,freeze_candidate
mv.outer.loo_reader_03_bal,outer_core,mv1,29,F64,8,outer_DGP_reached;VALUE_if_named_leave_one_reader_component_has_required_polarity_mean;independent_of_max_t_reachability,2bit:VALUE|INAPPLICABLE|SCIENTIFIC_UNDEFINED|NOT_REACHED;non-VALUE payload=canonical_zero;NaN_prohibited_as_state,persist,sum_mv_cells(M_c);M_c=0_if_not_outer_eligible_and_I_complete_iff_M_c=R_with_no_integrity_mismatch,fixed_bal_present_absent_or_reader_major_order,field_specific_state_transition_and_primary_failure_precedence_apply,freeze_candidate
mv.outer.loo_reader_03_present,outer_core,mv1,30,F64,8,outer_DGP_reached;VALUE_if_named_leave_one_reader_component_has_required_polarity_mean;independent_of_max_t_reachability,2bit:VALUE|INAPPLICABLE|SCIENTIFIC_UNDEFINED|NOT_REACHED;non-VALUE payload=canonical_zero;NaN_prohibited_as_state,persist,sum_mv_cells(M_c);M_c=0_if_not_outer_eligible_and_I_complete_iff_M_c=R_with_no_integrity_mismatch,fixed_bal_present_absent_or_reader_major_order,field_specific_state_transition_and_primary_failure_precedence_apply,freeze_candidate
mv.outer.loo_reader_03_absent,outer_core,mv1,31,F64,8,outer_DGP_reached;VALUE_if_named_leave_one_reader_component_has_required_polarity_mean;independent_of_max_t_reachability,2bit:VALUE|INAPPLICABLE|SCIENTIFIC_UNDEFINED|NOT_REACHED;non-VALUE payload=canonical_zero;NaN_prohibited_as_state,persist,sum_mv_cells(M_c);M_c=0_if_not_outer_eligible_and_I_complete_iff_M_c=R_with_no_integrity_mismatch,fixed_bal_present_absent_or_reader_major_order,field_specific_state_transition_and_primary_failure_precedence_apply,freeze_candidate
mv.outer.loo_reader_04_bal,outer_core,mv1,32,F64,8,outer_DGP_reached;VALUE_if_named_leave_one_reader_component_has_required_polarity_mean;independent_of_max_t_reachability,2bit:VALUE|INAPPLICABLE|SCIENTIFIC_UNDEFINED|NOT_REACHED;non-VALUE payload=canonical_zero;NaN_prohibited_as_state,persist,sum_mv_cells(M_c);M_c=0_if_not_outer_eligible_and_I_complete_iff_M_c=R_with_no_integrity_mismatch,fixed_bal_present_absent_or_reader_major_order,field_specific_state_transition_and_primary_failure_precedence_apply,freeze_candidate
mv.outer.loo_reader_04_present,outer_core,mv1,33,F64,8,outer_DGP_reached;VALUE_if_named_leave_one_reader_component_has_required_polarity_mean;independent_of_max_t_reachability,2bit:VALUE|INAPPLICABLE|SCIENTIFIC_UNDEFINED|NOT_REACHED;non-VALUE payload=canonical_zero;NaN_prohibited_as_state,persist,sum_mv_cells(M_c);M_c=0_if_not_outer_eligible_and_I_complete_iff_M_c=R_with_no_integrity_mismatch,fixed_bal_present_absent_or_reader_major_order,field_specific_state_transition_and_primary_failure_precedence_apply,freeze_candidate
mv.outer.loo_reader_04_absent,outer_core,mv1,34,F64,8,outer_DGP_reached;VALUE_if_named_leave_one_reader_component_has_required_polarity_mean;independent_of_max_t_reachability,2bit:VALUE|INAPPLICABLE|SCIENTIFIC_UNDEFINED|NOT_REACHED;non-VALUE payload=canonical_zero;NaN_prohibited_as_state,persist,sum_mv_cells(M_c);M_c=0_if_not_outer_eligible_and_I_complete_iff_M_c=R_with_no_integrity_mismatch,fixed_bal_present_absent_or_reader_major_order,field_specific_state_transition_and_primary_failure_precedence_apply,freeze_candidate
mv.outer.loo_reader_05_bal,outer_core,mv1,35,F64,8,outer_DGP_reached;VALUE_if_named_leave_one_reader_component_has_required_polarity_mean;independent_of_max_t_reachability,2bit:VALUE|INAPPLICABLE|SCIENTIFIC_UNDEFINED|NOT_REACHED;non-VALUE payload=canonical_zero;NaN_prohibited_as_state,persist,sum_mv_cells(M_c);M_c=0_if_not_outer_eligible_and_I_complete_iff_M_c=R_with_no_integrity_mismatch,fixed_bal_present_absent_or_reader_major_order,field_specific_state_transition_and_primary_failure_precedence_apply,freeze_candidate
mv.outer.loo_reader_05_present,outer_core,mv1,36,F64,8,outer_DGP_reached;VALUE_if_named_leave_one_reader_component_has_required_polarity_mean;independent_of_max_t_reachability,2bit:VALUE|INAPPLICABLE|SCIENTIFIC_UNDEFINED|NOT_REACHED;non-VALUE payload=canonical_zero;NaN_prohibited_as_state,persist,sum_mv_cells(M_c);M_c=0_if_not_outer_eligible_and_I_complete_iff_M_c=R_with_no_integrity_mismatch,fixed_bal_present_absent_or_reader_major_order,field_specific_state_transition_and_primary_failure_precedence_apply,freeze_candidate
mv.outer.loo_reader_05_absent,outer_core,mv1,37,F64,8,outer_DGP_reached;VALUE_if_named_leave_one_reader_component_has_required_polarity_mean;independent_of_max_t_reachability,2bit:VALUE|INAPPLICABLE|SCIENTIFIC_UNDEFINED|NOT_REACHED;non-VALUE payload=canonical_zero;NaN_prohibited_as_state,persist,sum_mv_cells(M_c);M_c=0_if_not_outer_eligible_and_I_complete_iff_M_c=R_with_no_integrity_mismatch,fixed_bal_present_absent_or_reader_major_order,field_specific_state_transition_and_primary_failure_precedence_apply,freeze_candidate
mv.outer.loo_reader_06_bal,outer_core,mv1,38,F64,8,outer_DGP_reached;VALUE_if_named_leave_one_reader_component_has_required_polarity_mean;independent_of_max_t_reachability,2bit:VALUE|INAPPLICABLE|SCIENTIFIC_UNDEFINED|NOT_REACHED;non-VALUE payload=canonical_zero;NaN_prohibited_as_state,persist,sum_mv_cells(M_c);M_c=0_if_not_outer_eligible_and_I_complete_iff_M_c=R_with_no_integrity_mismatch,fixed_bal_present_absent_or_reader_major_order,field_specific_state_transition_and_primary_failure_precedence_apply,freeze_candidate
mv.outer.loo_reader_06_present,outer_core,mv1,39,F64,8,outer_DGP_reached;VALUE_if_named_leave_one_reader_component_has_required_polarity_mean;independent_of_max_t_reachability,2bit:VALUE|INAPPLICABLE|SCIENTIFIC_UNDEFINED|NOT_REACHED;non-VALUE payload=canonical_zero;NaN_prohibited_as_state,persist,sum_mv_cells(M_c);M_c=0_if_not_outer_eligible_and_I_complete_iff_M_c=R_with_no_integrity_mismatch,fixed_bal_present_absent_or_reader_major_order,field_specific_state_transition_and_primary_failure_precedence_apply,freeze_candidate
mv.outer.loo_reader_06_absent,outer_core,mv1,40,F64,8,outer_DGP_reached;VALUE_if_named_leave_one_reader_component_has_required_polarity_mean;independent_of_max_t_reachability,2bit:VALUE|INAPPLICABLE|SCIENTIFIC_UNDEFINED|NOT_REACHED;non-VALUE payload=canonical_zero;NaN_prohibited_as_state,persist,sum_mv_cells(M_c);M_c=0_if_not_outer_eligible_and_I_complete_iff_M_c=R_with_no_integrity_mismatch,fixed_bal_present_absent_or_reader_major_order,field_specific_state_transition_and_primary_failure_precedence_apply,freeze_candidate
mv.outer.loo_reader_07_bal,outer_core,mv1,41,F64,8,outer_DGP_reached;VALUE_if_named_leave_one_reader_component_has_required_polarity_mean;independent_of_max_t_reachability,2bit:VALUE|INAPPLICABLE|SCIENTIFIC_UNDEFINED|NOT_REACHED;non-VALUE payload=canonical_zero;NaN_prohibited_as_state,persist,sum_mv_cells(M_c);M_c=0_if_not_outer_eligible_and_I_complete_iff_M_c=R_with_no_integrity_mismatch,fixed_bal_present_absent_or_reader_major_order,field_specific_state_transition_and_primary_failure_precedence_apply,freeze_candidate
mv.outer.loo_reader_07_present,outer_core,mv1,42,F64,8,outer_DGP_reached;VALUE_if_named_leave_one_reader_component_has_required_polarity_mean;independent_of_max_t_reachability,2bit:VALUE|INAPPLICABLE|SCIENTIFIC_UNDEFINED|NOT_REACHED;non-VALUE payload=canonical_zero;NaN_prohibited_as_state,persist,sum_mv_cells(M_c);M_c=0_if_not_outer_eligible_and_I_complete_iff_M_c=R_with_no_integrity_mismatch,fixed_bal_present_absent_or_reader_major_order,field_specific_state_transition_and_primary_failure_precedence_apply,freeze_candidate
mv.outer.loo_reader_07_absent,outer_core,mv1,43,F64,8,outer_DGP_reached;VALUE_if_named_leave_one_reader_component_has_required_polarity_mean;independent_of_max_t_reachability,2bit:VALUE|INAPPLICABLE|SCIENTIFIC_UNDEFINED|NOT_REACHED;non-VALUE payload=canonical_zero;NaN_prohibited_as_state,persist,sum_mv_cells(M_c);M_c=0_if_not_outer_eligible_and_I_complete_iff_M_c=R_with_no_integrity_mismatch,fixed_bal_present_absent_or_reader_major_order,field_specific_state_transition_and_primary_failure_precedence_apply,freeze_candidate
mv.outer.loo_reader_08_bal,outer_core,mv1,44,F64,8,outer_DGP_reached;VALUE_if_named_leave_one_reader_component_has_required_polarity_mean;independent_of_max_t_reachability,2bit:VALUE|INAPPLICABLE|SCIENTIFIC_UNDEFINED|NOT_REACHED;non-VALUE payload=canonical_zero;NaN_prohibited_as_state,persist,sum_mv_cells(M_c);M_c=0_if_not_outer_eligible_and_I_complete_iff_M_c=R_with_no_integrity_mismatch,fixed_bal_present_absent_or_reader_major_order,field_specific_state_transition_and_primary_failure_precedence_apply,freeze_candidate
mv.outer.loo_reader_08_present,outer_core,mv1,45,F64,8,outer_DGP_reached;VALUE_if_named_leave_one_reader_component_has_required_polarity_mean;independent_of_max_t_reachability,2bit:VALUE|INAPPLICABLE|SCIENTIFIC_UNDEFINED|NOT_REACHED;non-VALUE payload=canonical_zero;NaN_prohibited_as_state,persist,sum_mv_cells(M_c);M_c=0_if_not_outer_eligible_and_I_complete_iff_M_c=R_with_no_integrity_mismatch,fixed_bal_present_absent_or_reader_major_order,field_specific_state_transition_and_primary_failure_precedence_apply,freeze_candidate
mv.outer.loo_reader_08_absent,outer_core,mv1,46,F64,8,outer_DGP_reached;VALUE_if_named_leave_one_reader_component_has_required_polarity_mean;independent_of_max_t_reachability,2bit:VALUE|INAPPLICABLE|SCIENTIFIC_UNDEFINED|NOT_REACHED;non-VALUE payload=canonical_zero;NaN_prohibited_as_state,persist,sum_mv_cells(M_c);M_c=0_if_not_outer_eligible_and_I_complete_iff_M_c=R_with_no_integrity_mismatch,fixed_bal_present_absent_or_reader_major_order,field_specific_state_transition_and_primary_failure_precedence_apply,freeze_candidate
mv.outer.loo_reader_09_bal,outer_core,mv1,47,F64,8,outer_DGP_reached;VALUE_if_named_leave_one_reader_component_has_required_polarity_mean;independent_of_max_t_reachability,2bit:VALUE|INAPPLICABLE|SCIENTIFIC_UNDEFINED|NOT_REACHED;non-VALUE payload=canonical_zero;NaN_prohibited_as_state,persist,sum_mv_cells(M_c);M_c=0_if_not_outer_eligible_and_I_complete_iff_M_c=R_with_no_integrity_mismatch,fixed_bal_present_absent_or_reader_major_order,field_specific_state_transition_and_primary_failure_precedence_apply,freeze_candidate
mv.outer.loo_reader_09_present,outer_core,mv1,48,F64,8,outer_DGP_reached;VALUE_if_named_leave_one_reader_component_has_required_polarity_mean;independent_of_max_t_reachability,2bit:VALUE|INAPPLICABLE|SCIENTIFIC_UNDEFINED|NOT_REACHED;non-VALUE payload=canonical_zero;NaN_prohibited_as_state,persist,sum_mv_cells(M_c);M_c=0_if_not_outer_eligible_and_I_complete_iff_M_c=R_with_no_integrity_mismatch,fixed_bal_present_absent_or_reader_major_order,field_specific_state_transition_and_primary_failure_precedence_apply,freeze_candidate
mv.outer.loo_reader_09_absent,outer_core,mv1,49,F64,8,outer_DGP_reached;VALUE_if_named_leave_one_reader_component_has_required_polarity_mean;independent_of_max_t_reachability,2bit:VALUE|INAPPLICABLE|SCIENTIFIC_UNDEFINED|NOT_REACHED;non-VALUE payload=canonical_zero;NaN_prohibited_as_state,persist,sum_mv_cells(M_c);M_c=0_if_not_outer_eligible_and_I_complete_iff_M_c=R_with_no_integrity_mismatch,fixed_bal_present_absent_or_reader_major_order,field_specific_state_transition_and_primary_failure_precedence_apply,freeze_candidate
mv.outer.count_screen_present_assigned_present,outer_core,mv1,50,U64,8,outer_DGP_reached,2bit:VALUE|INAPPLICABLE|SCIENTIFIC_UNDEFINED|NOT_REACHED;non-VALUE payload=canonical_zero;NaN_prohibited_as_state,persist,sum_mv_cells(M_c);M_c=0_if_not_outer_eligible_and_I_complete_iff_M_c=R_with_no_integrity_mismatch,fixed_bal_present_absent_or_reader_major_order,field_specific_state_transition_and_primary_failure_precedence_apply,freeze_candidate
mv.outer.count_screen_present_assigned_absent,outer_core,mv1,51,U64,8,outer_DGP_reached,2bit:VALUE|INAPPLICABLE|SCIENTIFIC_UNDEFINED|NOT_REACHED;non-VALUE payload=canonical_zero;NaN_prohibited_as_state,persist,sum_mv_cells(M_c);M_c=0_if_not_outer_eligible_and_I_complete_iff_M_c=R_with_no_integrity_mismatch,fixed_bal_present_absent_or_reader_major_order,field_specific_state_transition_and_primary_failure_precedence_apply,freeze_candidate
mv.outer.count_screen_absent_assigned_present,outer_core,mv1,52,U64,8,outer_DGP_reached,2bit:VALUE|INAPPLICABLE|SCIENTIFIC_UNDEFINED|NOT_REACHED;non-VALUE payload=canonical_zero;NaN_prohibited_as_state,persist,sum_mv_cells(M_c);M_c=0_if_not_outer_eligible_and_I_complete_iff_M_c=R_with_no_integrity_mismatch,fixed_bal_present_absent_or_reader_major_order,field_specific_state_transition_and_primary_failure_precedence_apply,freeze_candidate
mv.outer.count_screen_absent_assigned_absent,outer_core,mv1,53,U64,8,outer_DGP_reached,2bit:VALUE|INAPPLICABLE|SCIENTIFIC_UNDEFINED|NOT_REACHED;non-VALUE payload=canonical_zero;NaN_prohibited_as_state,persist,sum_mv_cells(M_c);M_c=0_if_not_outer_eligible_and_I_complete_iff_M_c=R_with_no_integrity_mismatch,fixed_bal_present_absent_or_reader_major_order,field_specific_state_transition_and_primary_failure_precedence_apply,freeze_candidate
mv.outer.event_yield_present,outer_core,mv1,54,BOOL,8,every_outer_identity;applicable_event_is_VALUE_bool_and_scientific_nonestimability_or_not_reached_is_false,2bit:VALUE|INAPPLICABLE|SCIENTIFIC_UNDEFINED|NOT_REACHED;non-VALUE payload=canonical_zero;NaN_prohibited_as_state,persist,sum_mv_cells(M_c);M_c=0_if_not_outer_eligible_and_I_complete_iff_M_c=R_with_no_integrity_mismatch,event_bit=0;VALUE_bool_every_outer;success=n_present_VALUE_and_n_present>=108;finite_count_below_108=>false_only;DGP_not_reached=>false_and_bit15_status,applicable_event_is_always_VALUE_bool;scientific_nonestimability_is_false,freeze_candidate
mv.outer.event_yield_absent,outer_core,mv1,55,BOOL,8,every_outer_identity;applicable_event_is_VALUE_bool_and_scientific_nonestimability_or_not_reached_is_false,2bit:VALUE|INAPPLICABLE|SCIENTIFIC_UNDEFINED|NOT_REACHED;non-VALUE payload=canonical_zero;NaN_prohibited_as_state,persist,sum_mv_cells(M_c);M_c=0_if_not_outer_eligible_and_I_complete_iff_M_c=R_with_no_integrity_mismatch,event_bit=1;VALUE_bool_every_outer;success=n_absent_VALUE_and_n_absent>=108;finite_count_below_108=>false_only;DGP_not_reached=>false_and_bit15_status,applicable_event_is_always_VALUE_bool;scientific_nonestimability_is_false,freeze_candidate
mv.outer.event_q_bal,outer_core,mv1,56,BOOL,8,every_outer_identity;applicable_event_is_VALUE_bool_and_scientific_nonestimability_or_not_reached_is_false,2bit:VALUE|INAPPLICABLE|SCIENTIFIC_UNDEFINED|NOT_REACHED;non-VALUE payload=canonical_zero;NaN_prohibited_as_state,persist,sum_mv_cells(M_c);M_c=0_if_not_outer_eligible_and_I_complete_iff_M_c=R_with_no_integrity_mismatch,event_bit=2;VALUE_bool_every_outer;success=lower_bal_VALUE_and_lower_bal>0.10_strict;missing_required_mean_or_variance_nonpositive_or_nonfinite_observed_SE_or_unavailable_max_t_lower=>false_and_bit15_status;any_resampled_nonpositive_or_nonfinite_required_SE=>also_bit16_and_undefined_bootstrap_count_positive;finite_threshold_miss=>false_only,applicable_event_is_always_VALUE_bool;scientific_nonestimability_is_false,freeze_candidate
mv.outer.event_q_present,outer_core,mv1,57,BOOL,8,every_outer_identity;applicable_event_is_VALUE_bool_and_scientific_nonestimability_or_not_reached_is_false,2bit:VALUE|INAPPLICABLE|SCIENTIFIC_UNDEFINED|NOT_REACHED;non-VALUE payload=canonical_zero;NaN_prohibited_as_state,persist,sum_mv_cells(M_c);M_c=0_if_not_outer_eligible_and_I_complete_iff_M_c=R_with_no_integrity_mismatch,event_bit=3;VALUE_bool_every_outer;success=lower_present_VALUE_and_lower_present>0_strict;same_nonestimability_transition_as_q_bal;finite_threshold_miss=>false_only,applicable_event_is_always_VALUE_bool;scientific_nonestimability_is_false,freeze_candidate
mv.outer.event_q_absent,outer_core,mv1,58,BOOL,8,every_outer_identity;applicable_event_is_VALUE_bool_and_scientific_nonestimability_or_not_reached_is_false,2bit:VALUE|INAPPLICABLE|SCIENTIFIC_UNDEFINED|NOT_REACHED;non-VALUE payload=canonical_zero;NaN_prohibited_as_state,persist,sum_mv_cells(M_c);M_c=0_if_not_outer_eligible_and_I_complete_iff_M_c=R_with_no_integrity_mismatch,event_bit=4;VALUE_bool_every_outer;success=lower_absent_VALUE_and_lower_absent>0_strict;same_nonestimability_transition_as_q_bal;finite_threshold_miss=>false_only,applicable_event_is_always_VALUE_bool;scientific_nonestimability_is_false,freeze_candidate
mv.outer.event_simultaneous_coverage,outer_core,mv1,59,BOOL,8,every_outer_identity;applicable_event_is_VALUE_bool_and_scientific_nonestimability_or_not_reached_is_false,2bit:VALUE|INAPPLICABLE|SCIENTIFIC_UNDEFINED|NOT_REACHED;non-VALUE payload=canonical_zero;NaN_prohibited_as_state,persist,sum_mv_cells(M_c);M_c=0_if_not_outer_eligible_and_I_complete_iff_M_c=R_with_no_integrity_mismatch,event_bit=5;VALUE_bool_every_outer;success=all_three_lower_and_truth_VALUE_and_each_lower<=truth;nonvalue_required_lower=>false_and_bit15_status;any_undefined_bootstrap=>also_bit16;finite_noncoverage=>false_only,applicable_event_is_always_VALUE_bool;scientific_nonestimability_is_false,freeze_candidate
mv.outer.event_fe_pass,outer_core,mv1,60,BOOL,8,every_outer_identity;applicable_event_is_VALUE_bool_and_scientific_nonestimability_or_not_reached_is_false,2bit:VALUE|INAPPLICABLE|SCIENTIFIC_UNDEFINED|NOT_REACHED;non-VALUE payload=canonical_zero;NaN_prohibited_as_state,persist,sum_mv_cells(M_c);M_c=0_if_not_outer_eligible_and_I_complete_iff_M_c=R_with_no_integrity_mismatch,event_bit=6;VALUE_bool_every_outer;success=FE_full_rank_finite_and_fe_present>0_and_fe_absent>0_and_abs(fe_bal-qhat_bal)<=0.05;rank_deficient_nonfinite_or_missing_required_polarity=>false_and_bit15_status;finite_veto_threshold_miss=>false_only,applicable_event_is_always_VALUE_bool;scientific_nonestimability_is_false,freeze_candidate
mv.outer.event_loo_pass,outer_core,mv1,61,BOOL,8,every_outer_identity;applicable_event_is_VALUE_bool_and_scientific_nonestimability_or_not_reached_is_false,2bit:VALUE|INAPPLICABLE|SCIENTIFIC_UNDEFINED|NOT_REACHED;non-VALUE payload=canonical_zero;NaN_prohibited_as_state,persist,sum_mv_cells(M_c);M_c=0_if_not_outer_eligible_and_I_complete_iff_M_c=R_with_no_integrity_mismatch,event_bit=7;VALUE_bool_every_outer;success=all_30_LOO_VALUE_and_each_present>0_and_absent>0_and_abs(bal-qhat_bal)<=0.05;missing_or_nonfinite_required_LOO_polarity=>false_and_bit15_status;finite_veto_threshold_miss=>false_only,applicable_event_is_always_VALUE_bool;scientific_nonestimability_is_false,freeze_candidate
mv.outer.event_no_veto,outer_core,mv1,62,BOOL,8,every_outer_identity;applicable_event_is_VALUE_bool_and_scientific_nonestimability_or_not_reached_is_false,2bit:VALUE|INAPPLICABLE|SCIENTIFIC_UNDEFINED|NOT_REACHED;non-VALUE payload=canonical_zero;NaN_prohibited_as_state,persist,sum_mv_cells(M_c);M_c=0_if_not_outer_eligible_and_I_complete_iff_M_c=R_with_no_integrity_mismatch,event_bit=8;VALUE_bool_every_outer;success=bits6_and7_true;not_reached=false,applicable_event_is_always_VALUE_bool;scientific_nonestimability_is_false,freeze_candidate
mv.outer.event_complete_joint,outer_core,mv1,63,BOOL,8,every_outer_identity;applicable_event_is_VALUE_bool_and_scientific_nonestimability_or_not_reached_is_false,2bit:VALUE|INAPPLICABLE|SCIENTIFIC_UNDEFINED|NOT_REACHED;non-VALUE payload=canonical_zero;NaN_prohibited_as_state,persist,sum_mv_cells(M_c);M_c=0_if_not_outer_eligible_and_I_complete_iff_M_c=R_with_no_integrity_mismatch,event_bit=9;VALUE_bool_every_outer;success=bits0_to4_and8_true;nonestimable_or_not_reached=false,applicable_event_is_always_VALUE_bool;scientific_nonestimability_is_false,freeze_candidate
mv.aggregate.coverage_bal,cell_aggregate_event,mv1,event_registry,U64_trials+U64_successes+F64_estimate+ENUM8_interval+F64_alpha+F64_lower+F64_upper,typed_aggregate_extension,audit_record_every_mv_candidate;VALUE_only_if_outer_eligible_and_I_complete=1;NOT_REACHED_if_calibration_or_eligibility_failure_or_I_complete=0,2bit:VALUE|INAPPLICABLE|SCIENTIFIC_UNDEFINED|NOT_REACHED;non-VALUE payload=canonical_zero;NaN_prohibited_as_state,persist,one_stateful_field_per_mv_candidate,outer_eligibility=0=>state_NOT_REACHED_trials=0_no_interval;outer_eligibility=1_and_I_complete=0=>state_NOT_REACHED_trials=0_no_interval_completion_or_integrity_failure;outer_eligibility=1_and_I_complete=1=>x=sum_j I(lower_bal_VALUE_and_truth_bal_VALUE_and_lower_bal<=truth_bal);N=R=120000;scientific_nonestimable_or_not_reached_counts_failure;event_mask_bit10;CP_two_sided_alpha=0.05;descriptive_marginal,I_complete=1_iff_completion_bitmap_has_all_R_bits_and_exactly_one_integrity_valid_canonical_record_per_outer_identity;calibration_or_static_scientific_failure_marks_aggregate_NOT_REACHED_and_family_FAIL;I_complete=0_always_marks_aggregate_NOT_REACHED_without_imputation_or_partial_denominator;integrity_schema_or_unequal_duplicate_mismatch_is_conclusive_family_FAIL_and_failed_outer_inventory_member;absence_or_incomplete_records_without_conclusive_mismatch_is_infrastructure_missing_and_family_INCOMPLETE_unless_another_FAIL_dominates;scientific_failure_inside_a_complete_R_run_remains_in_fixed_R_denominator,freeze_candidate
mv.aggregate.coverage_present,cell_aggregate_event,mv1,event_registry,U64_trials+U64_successes+F64_estimate+ENUM8_interval+F64_alpha+F64_lower+F64_upper,typed_aggregate_extension,audit_record_every_mv_candidate;VALUE_only_if_outer_eligible_and_I_complete=1;NOT_REACHED_if_calibration_or_eligibility_failure_or_I_complete=0,2bit:VALUE|INAPPLICABLE|SCIENTIFIC_UNDEFINED|NOT_REACHED;non-VALUE payload=canonical_zero;NaN_prohibited_as_state,persist,one_stateful_field_per_mv_candidate,outer_eligibility=0=>state_NOT_REACHED_trials=0_no_interval;outer_eligibility=1_and_I_complete=0=>state_NOT_REACHED_trials=0_no_interval_completion_or_integrity_failure;outer_eligibility=1_and_I_complete=1=>x=sum_j I(lower_present_VALUE_and_truth_present_VALUE_and_lower_present<=truth_present);N=R=120000;scientific_nonestimable_or_not_reached_counts_failure;event_mask_bit11;CP_two_sided_alpha=0.05;descriptive_marginal,I_complete=1_iff_completion_bitmap_has_all_R_bits_and_exactly_one_integrity_valid_canonical_record_per_outer_identity;calibration_or_static_scientific_failure_marks_aggregate_NOT_REACHED_and_family_FAIL;I_complete=0_always_marks_aggregate_NOT_REACHED_without_imputation_or_partial_denominator;integrity_schema_or_unequal_duplicate_mismatch_is_conclusive_family_FAIL_and_failed_outer_inventory_member;absence_or_incomplete_records_without_conclusive_mismatch_is_infrastructure_missing_and_family_INCOMPLETE_unless_another_FAIL_dominates;scientific_failure_inside_a_complete_R_run_remains_in_fixed_R_denominator,freeze_candidate
mv.aggregate.coverage_absent,cell_aggregate_event,mv1,event_registry,U64_trials+U64_successes+F64_estimate+ENUM8_interval+F64_alpha+F64_lower+F64_upper,typed_aggregate_extension,audit_record_every_mv_candidate;VALUE_only_if_outer_eligible_and_I_complete=1;NOT_REACHED_if_calibration_or_eligibility_failure_or_I_complete=0,2bit:VALUE|INAPPLICABLE|SCIENTIFIC_UNDEFINED|NOT_REACHED;non-VALUE payload=canonical_zero;NaN_prohibited_as_state,persist,one_stateful_field_per_mv_candidate,outer_eligibility=0=>state_NOT_REACHED_trials=0_no_interval;outer_eligibility=1_and_I_complete=0=>state_NOT_REACHED_trials=0_no_interval_completion_or_integrity_failure;outer_eligibility=1_and_I_complete=1=>x=sum_j I(lower_absent_VALUE_and_truth_absent_VALUE_and_lower_absent<=truth_absent);N=R=120000;scientific_nonestimable_or_not_reached_counts_failure;event_mask_bit12;CP_two_sided_alpha=0.05;descriptive_marginal,I_complete=1_iff_completion_bitmap_has_all_R_bits_and_exactly_one_integrity_valid_canonical_record_per_outer_identity;calibration_or_static_scientific_failure_marks_aggregate_NOT_REACHED_and_family_FAIL;I_complete=0_always_marks_aggregate_NOT_REACHED_without_imputation_or_partial_denominator;integrity_schema_or_unequal_duplicate_mismatch_is_conclusive_family_FAIL_and_failed_outer_inventory_member;absence_or_incomplete_records_without_conclusive_mismatch_is_infrastructure_missing_and_family_INCOMPLETE_unless_another_FAIL_dominates;scientific_failure_inside_a_complete_R_run_remains_in_fixed_R_denominator,freeze_candidate
mv.aggregate.simultaneous_coverage,cell_aggregate_event,mv1,event_registry,U64_trials+U64_successes+F64_estimate+ENUM8_interval+F64_alpha+F64_lower+F64_upper,typed_aggregate_extension,audit_record_every_mv_candidate;VALUE_only_if_outer_eligible_and_I_complete=1;NOT_REACHED_if_calibration_or_eligibility_failure_or_I_complete=0,2bit:VALUE|INAPPLICABLE|SCIENTIFIC_UNDEFINED|NOT_REACHED;non-VALUE payload=canonical_zero;NaN_prohibited_as_state,persist,one_stateful_field_per_mv_candidate,outer_eligibility=0=>state_NOT_REACHED_trials=0_no_interval;outer_eligibility=1_and_I_complete=0=>state_NOT_REACHED_trials=0_no_interval_completion_or_integrity_failure;outer_eligibility=1_and_I_complete=1=>x=sum_j I(event_bit5=true);N=R=120000;scientific_nonestimable_or_not_reached_counts_failure;CP_two_sided_alpha=0.05;accept_lower>=0.945,I_complete=1_iff_completion_bitmap_has_all_R_bits_and_exactly_one_integrity_valid_canonical_record_per_outer_identity;calibration_or_static_scientific_failure_marks_aggregate_NOT_REACHED_and_family_FAIL;I_complete=0_always_marks_aggregate_NOT_REACHED_without_imputation_or_partial_denominator;integrity_schema_or_unequal_duplicate_mismatch_is_conclusive_family_FAIL_and_failed_outer_inventory_member;absence_or_incomplete_records_without_conclusive_mismatch_is_infrastructure_missing_and_family_INCOMPLETE_unless_another_FAIL_dominates;scientific_failure_inside_a_complete_R_run_remains_in_fixed_R_denominator,freeze_candidate
mv.aggregate.yield_present,cell_aggregate_event,mv1,event_registry,U64_trials+U64_successes+F64_estimate+ENUM8_interval+F64_alpha+F64_lower+F64_upper,typed_aggregate_extension,audit_record_every_mv_candidate;VALUE_only_if_outer_eligible_and_I_complete=1;NOT_REACHED_if_calibration_or_eligibility_failure_or_I_complete=0,2bit:VALUE|INAPPLICABLE|SCIENTIFIC_UNDEFINED|NOT_REACHED;non-VALUE payload=canonical_zero;NaN_prohibited_as_state,persist,one_stateful_field_per_mv_candidate,outer_eligibility=0=>state_NOT_REACHED_trials=0_no_interval;outer_eligibility=1_and_I_complete=0=>state_NOT_REACHED_trials=0_no_interval_completion_or_integrity_failure;outer_eligibility=1_and_I_complete=1=>x=sum_j I(event_bit0=true);N=R=120000;not_reached_counts_failure;CP_two_sided_alpha=0.05;descriptive,I_complete=1_iff_completion_bitmap_has_all_R_bits_and_exactly_one_integrity_valid_canonical_record_per_outer_identity;calibration_or_static_scientific_failure_marks_aggregate_NOT_REACHED_and_family_FAIL;I_complete=0_always_marks_aggregate_NOT_REACHED_without_imputation_or_partial_denominator;integrity_schema_or_unequal_duplicate_mismatch_is_conclusive_family_FAIL_and_failed_outer_inventory_member;absence_or_incomplete_records_without_conclusive_mismatch_is_infrastructure_missing_and_family_INCOMPLETE_unless_another_FAIL_dominates;scientific_failure_inside_a_complete_R_run_remains_in_fixed_R_denominator,freeze_candidate
mv.aggregate.yield_absent,cell_aggregate_event,mv1,event_registry,U64_trials+U64_successes+F64_estimate+ENUM8_interval+F64_alpha+F64_lower+F64_upper,typed_aggregate_extension,audit_record_every_mv_candidate;VALUE_only_if_outer_eligible_and_I_complete=1;NOT_REACHED_if_calibration_or_eligibility_failure_or_I_complete=0,2bit:VALUE|INAPPLICABLE|SCIENTIFIC_UNDEFINED|NOT_REACHED;non-VALUE payload=canonical_zero;NaN_prohibited_as_state,persist,one_stateful_field_per_mv_candidate,outer_eligibility=0=>state_NOT_REACHED_trials=0_no_interval;outer_eligibility=1_and_I_complete=0=>state_NOT_REACHED_trials=0_no_interval_completion_or_integrity_failure;outer_eligibility=1_and_I_complete=1=>x=sum_j I(event_bit1=true);N=R=120000;not_reached_counts_failure;CP_two_sided_alpha=0.05;descriptive,I_complete=1_iff_completion_bitmap_has_all_R_bits_and_exactly_one_integrity_valid_canonical_record_per_outer_identity;calibration_or_static_scientific_failure_marks_aggregate_NOT_REACHED_and_family_FAIL;I_complete=0_always_marks_aggregate_NOT_REACHED_without_imputation_or_partial_denominator;integrity_schema_or_unequal_duplicate_mismatch_is_conclusive_family_FAIL_and_failed_outer_inventory_member;absence_or_incomplete_records_without_conclusive_mismatch_is_infrastructure_missing_and_family_INCOMPLETE_unless_another_FAIL_dominates;scientific_failure_inside_a_complete_R_run_remains_in_fixed_R_denominator,freeze_candidate
mv.aggregate.joint_yield,cell_aggregate_event,mv1,event_registry,U64_trials+U64_successes+F64_estimate+ENUM8_interval+F64_alpha+F64_lower+F64_upper,typed_aggregate_extension,audit_record_every_mv_candidate;VALUE_only_if_outer_eligible_and_I_complete=1;NOT_REACHED_if_calibration_or_eligibility_failure_or_I_complete=0,2bit:VALUE|INAPPLICABLE|SCIENTIFIC_UNDEFINED|NOT_REACHED;non-VALUE payload=canonical_zero;NaN_prohibited_as_state,persist,one_stateful_field_per_mv_candidate,outer_eligibility=0=>state_NOT_REACHED_trials=0_no_interval;outer_eligibility=1_and_I_complete=0=>state_NOT_REACHED_trials=0_no_interval_completion_or_integrity_failure;outer_eligibility=1_and_I_complete=1=>x=sum_j I(event_bits0_and1=true);N=R=120000;not_reached_counts_failure;event_mask_bit13;CP_two_sided_alpha=0.05;descriptive,I_complete=1_iff_completion_bitmap_has_all_R_bits_and_exactly_one_integrity_valid_canonical_record_per_outer_identity;calibration_or_static_scientific_failure_marks_aggregate_NOT_REACHED_and_family_FAIL;I_complete=0_always_marks_aggregate_NOT_REACHED_without_imputation_or_partial_denominator;integrity_schema_or_unequal_duplicate_mismatch_is_conclusive_family_FAIL_and_failed_outer_inventory_member;absence_or_incomplete_records_without_conclusive_mismatch_is_infrastructure_missing_and_family_INCOMPLETE_unless_another_FAIL_dominates;scientific_failure_inside_a_complete_R_run_remains_in_fixed_R_denominator,freeze_candidate
mv.aggregate.q_gate_bal,cell_aggregate_event,mv1,event_registry,U64_trials+U64_successes+F64_estimate+ENUM8_interval+F64_alpha+F64_lower+F64_upper,typed_aggregate_extension,audit_record_every_mv_candidate;VALUE_only_if_outer_eligible_and_I_complete=1;NOT_REACHED_if_calibration_or_eligibility_failure_or_I_complete=0,2bit:VALUE|INAPPLICABLE|SCIENTIFIC_UNDEFINED|NOT_REACHED;non-VALUE payload=canonical_zero;NaN_prohibited_as_state,persist,one_stateful_field_per_mv_candidate,outer_eligibility=0=>state_NOT_REACHED_trials=0_no_interval;outer_eligibility=1_and_I_complete=0=>state_NOT_REACHED_trials=0_no_interval_completion_or_integrity_failure;outer_eligibility=1_and_I_complete=1=>x=sum_j I(event_bit2=true);N=R=120000;scientific_nonestimable_or_not_reached_counts_failure;CP_two_sided_alpha=0.05;strict_lower>0.10,I_complete=1_iff_completion_bitmap_has_all_R_bits_and_exactly_one_integrity_valid_canonical_record_per_outer_identity;calibration_or_static_scientific_failure_marks_aggregate_NOT_REACHED_and_family_FAIL;I_complete=0_always_marks_aggregate_NOT_REACHED_without_imputation_or_partial_denominator;integrity_schema_or_unequal_duplicate_mismatch_is_conclusive_family_FAIL_and_failed_outer_inventory_member;absence_or_incomplete_records_without_conclusive_mismatch_is_infrastructure_missing_and_family_INCOMPLETE_unless_another_FAIL_dominates;scientific_failure_inside_a_complete_R_run_remains_in_fixed_R_denominator,freeze_candidate
mv.aggregate.q_gate_present,cell_aggregate_event,mv1,event_registry,U64_trials+U64_successes+F64_estimate+ENUM8_interval+F64_alpha+F64_lower+F64_upper,typed_aggregate_extension,audit_record_every_mv_candidate;VALUE_only_if_outer_eligible_and_I_complete=1;NOT_REACHED_if_calibration_or_eligibility_failure_or_I_complete=0,2bit:VALUE|INAPPLICABLE|SCIENTIFIC_UNDEFINED|NOT_REACHED;non-VALUE payload=canonical_zero;NaN_prohibited_as_state,persist,one_stateful_field_per_mv_candidate,outer_eligibility=0=>state_NOT_REACHED_trials=0_no_interval;outer_eligibility=1_and_I_complete=0=>state_NOT_REACHED_trials=0_no_interval_completion_or_integrity_failure;outer_eligibility=1_and_I_complete=1=>x=sum_j I(event_bit3=true);N=R=120000;scientific_nonestimable_or_not_reached_counts_failure;CP_two_sided_alpha=0.05;strict_lower>0,I_complete=1_iff_completion_bitmap_has_all_R_bits_and_exactly_one_integrity_valid_canonical_record_per_outer_identity;calibration_or_static_scientific_failure_marks_aggregate_NOT_REACHED_and_family_FAIL;I_complete=0_always_marks_aggregate_NOT_REACHED_without_imputation_or_partial_denominator;integrity_schema_or_unequal_duplicate_mismatch_is_conclusive_family_FAIL_and_failed_outer_inventory_member;absence_or_incomplete_records_without_conclusive_mismatch_is_infrastructure_missing_and_family_INCOMPLETE_unless_another_FAIL_dominates;scientific_failure_inside_a_complete_R_run_remains_in_fixed_R_denominator,freeze_candidate
mv.aggregate.q_gate_absent,cell_aggregate_event,mv1,event_registry,U64_trials+U64_successes+F64_estimate+ENUM8_interval+F64_alpha+F64_lower+F64_upper,typed_aggregate_extension,audit_record_every_mv_candidate;VALUE_only_if_outer_eligible_and_I_complete=1;NOT_REACHED_if_calibration_or_eligibility_failure_or_I_complete=0,2bit:VALUE|INAPPLICABLE|SCIENTIFIC_UNDEFINED|NOT_REACHED;non-VALUE payload=canonical_zero;NaN_prohibited_as_state,persist,one_stateful_field_per_mv_candidate,outer_eligibility=0=>state_NOT_REACHED_trials=0_no_interval;outer_eligibility=1_and_I_complete=0=>state_NOT_REACHED_trials=0_no_interval_completion_or_integrity_failure;outer_eligibility=1_and_I_complete=1=>x=sum_j I(event_bit4=true);N=R=120000;scientific_nonestimable_or_not_reached_counts_failure;CP_two_sided_alpha=0.05;strict_lower>0,I_complete=1_iff_completion_bitmap_has_all_R_bits_and_exactly_one_integrity_valid_canonical_record_per_outer_identity;calibration_or_static_scientific_failure_marks_aggregate_NOT_REACHED_and_family_FAIL;I_complete=0_always_marks_aggregate_NOT_REACHED_without_imputation_or_partial_denominator;integrity_schema_or_unequal_duplicate_mismatch_is_conclusive_family_FAIL_and_failed_outer_inventory_member;absence_or_incomplete_records_without_conclusive_mismatch_is_infrastructure_missing_and_family_INCOMPLETE_unless_another_FAIL_dominates;scientific_failure_inside_a_complete_R_run_remains_in_fixed_R_denominator,freeze_candidate
mv.aggregate.complete_q_family,cell_aggregate_event,mv1,event_registry,U64_trials+U64_successes+F64_estimate+ENUM8_interval+F64_alpha+F64_lower+F64_upper,typed_aggregate_extension,audit_record_every_mv_candidate;VALUE_only_if_outer_eligible_and_I_complete=1;NOT_REACHED_if_calibration_or_eligibility_failure_or_I_complete=0,2bit:VALUE|INAPPLICABLE|SCIENTIFIC_UNDEFINED|NOT_REACHED;non-VALUE payload=canonical_zero;NaN_prohibited_as_state,persist,one_stateful_field_per_mv_candidate,outer_eligibility=0=>state_NOT_REACHED_trials=0_no_interval;outer_eligibility=1_and_I_complete=0=>state_NOT_REACHED_trials=0_no_interval_completion_or_integrity_failure;outer_eligibility=1_and_I_complete=1=>x=sum_j I(event_bits2_to4_all_true);N=R=120000;nonestimable_or_not_reached_counts_failure;event_mask_bit14;CP_two_sided_alpha=0.05,I_complete=1_iff_completion_bitmap_has_all_R_bits_and_exactly_one_integrity_valid_canonical_record_per_outer_identity;calibration_or_static_scientific_failure_marks_aggregate_NOT_REACHED_and_family_FAIL;I_complete=0_always_marks_aggregate_NOT_REACHED_without_imputation_or_partial_denominator;integrity_schema_or_unequal_duplicate_mismatch_is_conclusive_family_FAIL_and_failed_outer_inventory_member;absence_or_incomplete_records_without_conclusive_mismatch_is_infrastructure_missing_and_family_INCOMPLETE_unless_another_FAIL_dominates;scientific_failure_inside_a_complete_R_run_remains_in_fixed_R_denominator,freeze_candidate
mv.aggregate.fe_pass,cell_aggregate_event,mv1,event_registry,U64_trials+U64_successes+F64_estimate+ENUM8_interval+F64_alpha+F64_lower+F64_upper,typed_aggregate_extension,audit_record_every_mv_candidate;VALUE_only_if_outer_eligible_and_I_complete=1;NOT_REACHED_if_calibration_or_eligibility_failure_or_I_complete=0,2bit:VALUE|INAPPLICABLE|SCIENTIFIC_UNDEFINED|NOT_REACHED;non-VALUE payload=canonical_zero;NaN_prohibited_as_state,persist,one_stateful_field_per_mv_candidate,outer_eligibility=0=>state_NOT_REACHED_trials=0_no_interval;outer_eligibility=1_and_I_complete=0=>state_NOT_REACHED_trials=0_no_interval_completion_or_integrity_failure;outer_eligibility=1_and_I_complete=1=>x=sum_j I(event_bit6=true);N=R=120000;rank_nonfinite_nonestimable_or_not_reached_counts_failure;CP_two_sided_alpha=0.05,I_complete=1_iff_completion_bitmap_has_all_R_bits_and_exactly_one_integrity_valid_canonical_record_per_outer_identity;calibration_or_static_scientific_failure_marks_aggregate_NOT_REACHED_and_family_FAIL;I_complete=0_always_marks_aggregate_NOT_REACHED_without_imputation_or_partial_denominator;integrity_schema_or_unequal_duplicate_mismatch_is_conclusive_family_FAIL_and_failed_outer_inventory_member;absence_or_incomplete_records_without_conclusive_mismatch_is_infrastructure_missing_and_family_INCOMPLETE_unless_another_FAIL_dominates;scientific_failure_inside_a_complete_R_run_remains_in_fixed_R_denominator,freeze_candidate
mv.aggregate.loo_pass,cell_aggregate_event,mv1,event_registry,U64_trials+U64_successes+F64_estimate+ENUM8_interval+F64_alpha+F64_lower+F64_upper,typed_aggregate_extension,audit_record_every_mv_candidate;VALUE_only_if_outer_eligible_and_I_complete=1;NOT_REACHED_if_calibration_or_eligibility_failure_or_I_complete=0,2bit:VALUE|INAPPLICABLE|SCIENTIFIC_UNDEFINED|NOT_REACHED;non-VALUE payload=canonical_zero;NaN_prohibited_as_state,persist,one_stateful_field_per_mv_candidate,outer_eligibility=0=>state_NOT_REACHED_trials=0_no_interval;outer_eligibility=1_and_I_complete=0=>state_NOT_REACHED_trials=0_no_interval_completion_or_integrity_failure;outer_eligibility=1_and_I_complete=1=>x=sum_j I(event_bit7=true);N=R=120000;nonestimable_or_not_reached_counts_failure;CP_two_sided_alpha=0.05,I_complete=1_iff_completion_bitmap_has_all_R_bits_and_exactly_one_integrity_valid_canonical_record_per_outer_identity;calibration_or_static_scientific_failure_marks_aggregate_NOT_REACHED_and_family_FAIL;I_complete=0_always_marks_aggregate_NOT_REACHED_without_imputation_or_partial_denominator;integrity_schema_or_unequal_duplicate_mismatch_is_conclusive_family_FAIL_and_failed_outer_inventory_member;absence_or_incomplete_records_without_conclusive_mismatch_is_infrastructure_missing_and_family_INCOMPLETE_unless_another_FAIL_dominates;scientific_failure_inside_a_complete_R_run_remains_in_fixed_R_denominator,freeze_candidate
mv.aggregate.combined_no_veto,cell_aggregate_event,mv1,event_registry,U64_trials+U64_successes+F64_estimate+ENUM8_interval+F64_alpha+F64_lower+F64_upper,typed_aggregate_extension,audit_record_every_mv_candidate;VALUE_only_if_outer_eligible_and_I_complete=1;NOT_REACHED_if_calibration_or_eligibility_failure_or_I_complete=0,2bit:VALUE|INAPPLICABLE|SCIENTIFIC_UNDEFINED|NOT_REACHED;non-VALUE payload=canonical_zero;NaN_prohibited_as_state,persist,one_stateful_field_per_mv_candidate,outer_eligibility=0=>state_NOT_REACHED_trials=0_no_interval;outer_eligibility=1_and_I_complete=0=>state_NOT_REACHED_trials=0_no_interval_completion_or_integrity_failure;outer_eligibility=1_and_I_complete=1=>x=sum_j I(event_bit8=true);N=R=120000;nonestimable_or_not_reached_counts_failure;CP_two_sided_alpha=0.05,I_complete=1_iff_completion_bitmap_has_all_R_bits_and_exactly_one_integrity_valid_canonical_record_per_outer_identity;calibration_or_static_scientific_failure_marks_aggregate_NOT_REACHED_and_family_FAIL;I_complete=0_always_marks_aggregate_NOT_REACHED_without_imputation_or_partial_denominator;integrity_schema_or_unequal_duplicate_mismatch_is_conclusive_family_FAIL_and_failed_outer_inventory_member;absence_or_incomplete_records_without_conclusive_mismatch_is_infrastructure_missing_and_family_INCOMPLETE_unless_another_FAIL_dominates;scientific_failure_inside_a_complete_R_run_remains_in_fixed_R_denominator,freeze_candidate
mv.aggregate.complete_joint,cell_aggregate_event,mv1,event_registry,U64_trials+U64_successes+F64_estimate+ENUM8_interval+F64_alpha+F64_lower+F64_upper,typed_aggregate_extension,audit_record_every_mv_candidate;VALUE_only_if_outer_eligible_and_I_complete=1;NOT_REACHED_if_calibration_or_eligibility_failure_or_I_complete=0,2bit:VALUE|INAPPLICABLE|SCIENTIFIC_UNDEFINED|NOT_REACHED;non-VALUE payload=canonical_zero;NaN_prohibited_as_state,persist,one_stateful_field_per_mv_candidate,outer_eligibility=0=>state_NOT_REACHED_trials=0_no_interval;outer_eligibility=1_and_I_complete=0=>state_NOT_REACHED_trials=0_no_interval_completion_or_integrity_failure;outer_eligibility=1_and_I_complete=1=>x=sum_j I(event_bit9=true);N=R=120000;nonestimable_or_not_reached_counts_failure;CP_two_sided_alpha=0.05,I_complete=1_iff_completion_bitmap_has_all_R_bits_and_exactly_one_integrity_valid_canonical_record_per_outer_identity;calibration_or_static_scientific_failure_marks_aggregate_NOT_REACHED_and_family_FAIL;I_complete=0_always_marks_aggregate_NOT_REACHED_without_imputation_or_partial_denominator;integrity_schema_or_unequal_duplicate_mismatch_is_conclusive_family_FAIL_and_failed_outer_inventory_member;absence_or_incomplete_records_without_conclusive_mismatch_is_infrastructure_missing_and_family_INCOMPLETE_unless_another_FAIL_dominates;scientific_failure_inside_a_complete_R_run_remains_in_fixed_R_denominator,freeze_candidate
mv.aggregate.outer_nonestimable,cell_aggregate_event,mv1,event_registry,U64_trials+U64_successes+F64_estimate+ENUM8_interval+F64_alpha+F64_lower+F64_upper,typed_aggregate_extension,audit_record_every_mv_candidate;VALUE_only_if_outer_eligible_and_I_complete=1;NOT_REACHED_if_calibration_or_eligibility_failure_or_I_complete=0,2bit:VALUE|INAPPLICABLE|SCIENTIFIC_UNDEFINED|NOT_REACHED;non-VALUE payload=canonical_zero;NaN_prohibited_as_state,persist,one_stateful_field_per_mv_candidate,outer_eligibility=0=>state_NOT_REACHED_trials=0_no_interval;outer_eligibility=1_and_I_complete=0=>state_NOT_REACHED_trials=0_no_interval_completion_or_integrity_failure;outer_eligibility=1_and_I_complete=1=>x=sum_j I(event_bit15=true);N=R=120000;bit15_true_for_DGP_nonreach_missing_required_polarity_mean_or_variance_nonpositive_or_nonfinite_required_observed_or_resampled_SE_unavailable_max_t_or_lower_FE_rank_or_nonfinite_missing_LOO_polarity_or_numerical_nonconformance;CP_two_sided_alpha=0.05;finite_yield_q_FE_or_LOO_threshold_miss_alone_is_not_nonestimability,I_complete=1_iff_completion_bitmap_has_all_R_bits_and_exactly_one_integrity_valid_canonical_record_per_outer_identity;calibration_or_static_scientific_failure_marks_aggregate_NOT_REACHED_and_family_FAIL;I_complete=0_always_marks_aggregate_NOT_REACHED_without_imputation_or_partial_denominator;integrity_schema_or_unequal_duplicate_mismatch_is_conclusive_family_FAIL_and_failed_outer_inventory_member;absence_or_incomplete_records_without_conclusive_mismatch_is_infrastructure_missing_and_family_INCOMPLETE_unless_another_FAIL_dominates;scientific_failure_inside_a_complete_R_run_remains_in_fixed_R_denominator,freeze_candidate
mv.aggregate.any_undefined_bootstrap,cell_aggregate_event,mv1,event_registry,U64_trials+U64_successes+F64_estimate+ENUM8_interval+F64_alpha+F64_lower+F64_upper,typed_aggregate_extension,audit_record_every_mv_candidate;VALUE_only_if_outer_eligible_and_I_complete=1;NOT_REACHED_if_calibration_or_eligibility_failure_or_I_complete=0,2bit:VALUE|INAPPLICABLE|SCIENTIFIC_UNDEFINED|NOT_REACHED;non-VALUE payload=canonical_zero;NaN_prohibited_as_state,persist,one_stateful_field_per_mv_candidate,outer_eligibility=0=>state_NOT_REACHED_trials=0_no_interval;outer_eligibility=1_and_I_complete=0=>state_NOT_REACHED_trials=0_no_interval_completion_or_integrity_failure;outer_eligibility=1_and_I_complete=1=>x=sum_j I(undefined_bootstrap_count>0);N=R=120000;event_mask_bit16;CP_two_sided_alpha=0.05,I_complete=1_iff_completion_bitmap_has_all_R_bits_and_exactly_one_integrity_valid_canonical_record_per_outer_identity;calibration_or_static_scientific_failure_marks_aggregate_NOT_REACHED_and_family_FAIL;I_complete=0_always_marks_aggregate_NOT_REACHED_without_imputation_or_partial_denominator;integrity_schema_or_unequal_duplicate_mismatch_is_conclusive_family_FAIL_and_failed_outer_inventory_member;absence_or_incomplete_records_without_conclusive_mismatch_is_infrastructure_missing_and_family_INCOMPLETE_unless_another_FAIL_dominates;scientific_failure_inside_a_complete_R_run_remains_in_fixed_R_denominator,freeze_candidate
mv.aggregate.null_false_qualification,cell_aggregate_event,mv1,event_registry,U64_trials+U64_successes+F64_estimate+ENUM8_interval+F64_alpha+F64_lower+F64_upper,typed_aggregate_extension,audit_record_every_mv_candidate;VALUE_only_if_immutable_manifest_null_boundary_member_and_outer_eligible_and_I_complete=1;NOT_REACHED_if_manifest_null_member_and_(calibration_or_eligibility_failure_or_I_complete=0);INAPPLICABLE_if_nonmember,2bit:VALUE|INAPPLICABLE|SCIENTIFIC_UNDEFINED|NOT_REACHED;non-VALUE payload=canonical_zero;NaN_prohibited_as_state,persist,one_stateful_field_per_mv_candidate,manifest_family_membership=0=>state_INAPPLICABLE;manifest_family_membership=1_and_outer_eligibility=0=>state_NOT_REACHED_trials=0_no_interval;manifest_family_membership=1_and_outer_eligibility=1_and_I_complete=0=>state_NOT_REACHED_trials=0_no_interval_completion_or_integrity_failure;manifest_family_membership=1_and_outer_eligibility=1_and_I_complete=1=>x=sum_j I(event_bits2_to4_all_true);N=R=120000;applicable_if_manifest_target_q_bal=(q_present_target+q_absent_target)/2=0.10_or_q_present_target=0_or_q_absent_target=0;membership_independent_of_selected_calibrated_truth;nonestimable_or_not_reached_counts_failure;CP_one_sided_upper_alpha=0.05;accept_upper<=0.055,I_complete=1_iff_completion_bitmap_has_all_R_bits_and_exactly_one_integrity_valid_canonical_record_per_outer_identity;calibration_or_static_scientific_failure_marks_aggregate_NOT_REACHED_and_family_FAIL;I_complete=0_always_marks_aggregate_NOT_REACHED_without_imputation_or_partial_denominator;integrity_schema_or_unequal_duplicate_mismatch_is_conclusive_family_FAIL_and_failed_outer_inventory_member;absence_or_incomplete_records_without_conclusive_mismatch_is_infrastructure_missing_and_family_INCOMPLETE_unless_another_FAIL_dominates;scientific_failure_inside_a_complete_R_run_remains_in_fixed_R_denominator,freeze_candidate
mv.aggregate.planning_joint_power,cell_aggregate_event,mv1,event_registry,U64_trials+U64_successes+F64_estimate+ENUM8_interval+F64_alpha+F64_lower+F64_upper,typed_aggregate_extension,audit_record_every_mv_candidate;VALUE_only_if_manifest_planning_member_and_outer_eligible_and_I_complete=1;NOT_REACHED_if_planning_member_and_(calibration_or_eligibility_failure_or_I_complete=0);INAPPLICABLE_if_nonmember,2bit:VALUE|INAPPLICABLE|SCIENTIFIC_UNDEFINED|NOT_REACHED;non-VALUE payload=canonical_zero;NaN_prohibited_as_state,persist,one_stateful_field_per_mv_candidate,manifest_family_membership=0=>state_INAPPLICABLE;manifest_family_membership=1_and_outer_eligibility=0=>state_NOT_REACHED_trials=0_no_interval;manifest_family_membership=1_and_outer_eligibility=1_and_I_complete=0=>state_NOT_REACHED_trials=0_no_interval_completion_or_integrity_failure;manifest_family_membership=1_and_outer_eligibility=1_and_I_complete=1=>x=sum_j I(event_bit9=true);N=R=120000;applicable_to_all_2304_manifest_planning_members_after_calibration_or_failed_member;CP_two_sided_alpha=0.05;accept_lower>=0.90,I_complete=1_iff_completion_bitmap_has_all_R_bits_and_exactly_one_integrity_valid_canonical_record_per_outer_identity;calibration_or_static_scientific_failure_marks_aggregate_NOT_REACHED_and_family_FAIL;I_complete=0_always_marks_aggregate_NOT_REACHED_without_imputation_or_partial_denominator;integrity_schema_or_unequal_duplicate_mismatch_is_conclusive_family_FAIL_and_failed_outer_inventory_member;absence_or_incomplete_records_without_conclusive_mismatch_is_infrastructure_missing_and_family_INCOMPLETE_unless_another_FAIL_dominates;scientific_failure_inside_a_complete_R_run_remains_in_fixed_R_denominator,freeze_candidate
mv.family.calibration_candidate_count,family_aggregate,mv1,family_extension,U32,typed_family_extension,VALUE_after_manifest_identity_verification;exactly_2438_independent_of_calibration_outcomes,2bit:VALUE|INAPPLICABLE|SCIENTIFIC_UNDEFINED|NOT_REACHED;non-VALUE payload=canonical_zero;NaN_prohibited_as_state,persist,one_mv_family_record,all_manifest_candidates,outer_scientific_nonestimability_is_retained_inside_fixed_R_event_counts_not_automatic_family_incompletion;deterministic_precedence_is_conclusive_FAIL_over_INCOMPLETE_over_PASS,freeze_candidate
mv.family.failed_calibration_inventory,family_aggregate,mv1,family_extension,U32[],typed_family_extension,VALUE_after_family_audit_closure;contains_conclusive_calibration_failures_not_infrastructure_missingness,2bit:VALUE|INAPPLICABLE|SCIENTIFIC_UNDEFINED|NOT_REACHED;non-VALUE payload=canonical_zero;NaN_prohibited_as_state,persist,one_mv_family_record,unique_canonical_cell_indices_with_conclusive_preouter_calibration_or_static_failure,outer_scientific_nonestimability_is_retained_inside_fixed_R_event_counts_not_automatic_family_incompletion;deterministic_precedence_is_conclusive_FAIL_over_INCOMPLETE_over_PASS,freeze_candidate
mv.family.failed_outer_or_aggregate_inventory,family_aggregate,mv1,family_extension,U32[],typed_family_extension,VALUE_after_family_audit_closure;contains_conclusive_outer_record_set_schema_or_integrity_failures_or_required_cell_level_aggregate_criterion_failures;never_individual_outer_gate_misses_directly,2bit:VALUE|INAPPLICABLE|SCIENTIFIC_UNDEFINED|NOT_REACHED;non-VALUE payload=canonical_zero;NaN_prohibited_as_state,persist,one_mv_family_record,unique_outer_eligible_canonical_cell_indices_with_conclusive_schema_or_integrity_failure_in_the_outer_record_set_or_failure_of_a_required_cell_level_aggregate_criterion;ordinary_finite_outer_gate_misses_and_outer_nonestimability_are_not_direct_family_failures_except_through_their_fixed_R_aggregate_outcome;excludes_every_preouter_failed_candidate,outer_scientific_nonestimability_is_retained_inside_fixed_R_event_counts_not_automatic_family_incompletion;deterministic_precedence_is_conclusive_FAIL_over_INCOMPLETE_over_PASS,freeze_candidate
mv.family.infrastructure_missing_member_inventory,family_aggregate,mv1,family_extension,U32[],typed_family_extension,VALUE_after_family_audit_closure;contains_only_no_conclusive_failure_candidates_with_infrastructure_missingness_and_is_disjoint_from_both_failure_inventories,2bit:VALUE|INAPPLICABLE|SCIENTIFIC_UNDEFINED|NOT_REACHED;non-VALUE payload=canonical_zero;NaN_prohibited_as_state,persist,one_mv_family_record,unique_candidates_with_no_conclusive_failure_but_infrastructure_incomplete_or_missing_required_records;disjoint_from_both_failure_inventories,outer_scientific_nonestimability_is_retained_inside_fixed_R_event_counts_not_automatic_family_incompletion;deterministic_precedence_is_conclusive_FAIL_over_INCOMPLETE_over_PASS,freeze_candidate
mv.family.null_upper_check_count,family_aggregate,mv1,family_extension,U32,typed_family_extension,VALUE_as_required_manifest_count_108;failed_null_members_remain_NOT_REACHED_audit_outcomes,2bit:VALUE|INAPPLICABLE|SCIENTIFIC_UNDEFINED|NOT_REACHED;non-VALUE payload=canonical_zero;NaN_prohibited_as_state,persist,one_mv_family_record,all_108_manifest_target_null_audit_outcomes_VALUE_or_failed_member_NOT_REACHED,outer_scientific_nonestimability_is_retained_inside_fixed_R_event_counts_not_automatic_family_incompletion;deterministic_precedence_is_conclusive_FAIL_over_INCOMPLETE_over_PASS,freeze_candidate
mv.family.coverage_check_count,family_aggregate,mv1,family_extension,U32,typed_family_extension,VALUE_as_required_candidate_count_2438;failed_members_remain_NOT_REACHED_audit_outcomes,2bit:VALUE|INAPPLICABLE|SCIENTIFIC_UNDEFINED|NOT_REACHED;non-VALUE payload=canonical_zero;NaN_prohibited_as_state,persist,one_mv_family_record,all_2438_candidate_coverage_audit_outcomes_VALUE_or_failed_member_NOT_REACHED,outer_scientific_nonestimability_is_retained_inside_fixed_R_event_counts_not_automatic_family_incompletion;deterministic_precedence_is_conclusive_FAIL_over_INCOMPLETE_over_PASS,freeze_candidate
mv.family.planning_power_check_count,family_aggregate,mv1,family_extension,U32,typed_family_extension,VALUE_as_required_manifest_count_2304;failed_planning_members_remain_NOT_REACHED_audit_outcomes,2bit:VALUE|INAPPLICABLE|SCIENTIFIC_UNDEFINED|NOT_REACHED;non-VALUE payload=canonical_zero;NaN_prohibited_as_state,persist,one_mv_family_record,all_2304_manifest_planning_members_or_failed_inventory,outer_scientific_nonestimability_is_retained_inside_fixed_R_event_counts_not_automatic_family_incompletion;deterministic_precedence_is_conclusive_FAIL_over_INCOMPLETE_over_PASS,freeze_candidate
mv.family.missing_member_count,family_aggregate,mv1,family_extension,U32,typed_family_extension,VALUE_after_family_audit_closure;counts_only_no_conclusive_failure_candidates_with_infrastructure_missingness_and_is_disjoint_from_both_failure_inventories,2bit:VALUE|INAPPLICABLE|SCIENTIFIC_UNDEFINED|NOT_REACHED;non-VALUE payload=canonical_zero;NaN_prohibited_as_state,persist,one_mv_family_record,unique_candidates_with_no_conclusive_failure_but_infrastructure_incomplete_or_missing_required_records;disjoint_from_both_failure_inventories,outer_scientific_nonestimability_is_retained_inside_fixed_R_event_counts_not_automatic_family_incompletion;deterministic_precedence_is_conclusive_FAIL_over_INCOMPLETE_over_PASS,freeze_candidate
mv.family.family_decision,family_aggregate,mv1,family_extension,ENUM8,typed_family_extension,VALUE_after_family_audit_closure_with_ENUM_PASS_FAIL_or_INCOMPLETE;never_NOT_REACHED_once_closure_is_evaluated,2bit:VALUE|INAPPLICABLE|SCIENTIFIC_UNDEFINED|NOT_REACHED;non-VALUE payload=canonical_zero;NaN_prohibited_as_state,persist,one_mv_family_record,PASS_iff_common_cp95_half_width_pass=true_and_all_2438_candidates_calibrate_and_complete_R_outer_accounting_and_all_eligible_coverage_checks_pass_and_all_108_manifest_target_null_checks_pass_and_all_2304_planning_checks_pass;precedence_FAIL_if_common_cp95_half_width_pass=false_or_any_conclusive_calibration_static_or_scientific_criterion_failure_even_with_other_infrastructure_missingness_else_INCOMPLETE_if_common_conformance_missing_or_any_infrastructure_missingness_else_PASS,outer_scientific_nonestimability_is_retained_inside_fixed_R_event_counts_not_automatic_family_incompletion;deterministic_precedence_is_conclusive_FAIL_over_INCOMPLETE_over_PASS,freeze_candidate
rel.exclusion.observed_reader_sensitivities,canonical_exclusion,reliability,none,INAPPLICABLE,0,hierarchical_Gwet_ordinal_adjudication_and_full_reader_tables,INAPPLICABLE_to_current_simulation,exclude_from_current_simulation;future_addition_requires_canonical_amendment_and_reenumeration,0_simulated_occurrences_exact,observed_reader_analysis_only,not_a_storage_or_benchmark_blocker_under_unchanged_contract,canonical_exclusion
rel.extension.repeat_diagnostics,owner_blocked_extension,reliability,extension,UNRESOLVED,unresolved,exact_repeat_estimators_and_domains_not_frozen,2bit:VALUE|INAPPLICABLE|SCIENTIFIC_UNDEFINED|NOT_REACHED;non-VALUE payload=canonical_zero;NaN_prohibited_as_state,must_persist_if_approved;never_assume_zero,unresolved_positive_or_zero_by_owner_decision,not_aggregated_until_frozen,blocks_final_storage_upper_bound_and_benchmark,owner_blocked
mv.extension.repeat_diagnostics,owner_blocked_extension,mv1,extension,UNRESOLVED,unresolved,exact_probability_and_category_repeat_estimators_not_frozen,2bit:VALUE|INAPPLICABLE|SCIENTIFIC_UNDEFINED|NOT_REACHED;non-VALUE payload=canonical_zero;NaN_prohibited_as_state,must_persist_if_approved;never_assume_zero,unresolved_positive_or_zero_by_owner_decision,not_aggregated_until_frozen,blocks_final_storage_upper_bound_and_benchmark,owner_blocked
common.extension.failure_detail,owner_blocked_extension,common,extension,UNRESOLVED,unresolved,message_and_component_taxonomy_not_frozen,2bit:VALUE|INAPPLICABLE|SCIENTIFIC_UNDEFINED|NOT_REACHED;non-VALUE payload=canonical_zero;NaN_prohibited_as_state,must_persist_if_approved;never_assume_zero,unresolved_positive_or_zero_by_owner_decision,not_aggregated_until_frozen,blocks_final_storage_upper_bound_and_benchmark,owner_blocked
common.extension.chunk_journal,owner_blocked_extension,common,extension,UNRESOLVED,unresolved,chunk_and_retry_policy_not_frozen,2bit:VALUE|INAPPLICABLE|SCIENTIFIC_UNDEFINED|NOT_REACHED;non-VALUE payload=canonical_zero;NaN_prohibited_as_state,must_persist_if_approved;never_assume_zero,unresolved_positive_or_zero_by_owner_decision,not_aggregated_until_frozen,blocks_final_storage_upper_bound_and_benchmark,owner_blocked
common.extension.permutation_dictionary,owner_blocked_extension,common,extension,UNRESOLVED,unresolved,abstract_item_identifiers_and_permutations_not_frozen,2bit:VALUE|INAPPLICABLE|SCIENTIFIC_UNDEFINED|NOT_REACHED;non-VALUE payload=canonical_zero;NaN_prohibited_as_state,must_persist_if_approved;never_assume_zero,unresolved_positive_or_zero_by_owner_decision,not_aggregated_until_frozen,blocks_final_storage_upper_bound_and_benchmark,owner_blocked
